Rented Bike Count,Hour,Temperature(C),Humidity(%),Wind speed (m/s),Visibility (10m),Dew point temperature(C),Solar Radiation (MJ/m2),Rainfall(mm),Snowfall (cm)
254,0,-5.2,37.0,2.2,2000.0,-17.6,0.0,0.0,0.0
204,1,-5.5,38.0,0.8,2000.0,-17.6,0.0,0.0,0.0
173,2,-6.0,39.0,1.0,2000.0,-17.7,0.0,0.0,0.0
107,3,-6.2,40.0,0.9,2000.0,-17.6,0.0,0.0,0.0
78,4,-6.0,36.0,2.3,2000.0,-18.6,0.0,0.0,0.0
100,5,-6.4,37.0,1.5,2000.0,-18.7,0.0,0.0,0.0
181,6,-6.6,35.0,1.3,2000.0,-19.5,0.0,0.0,0.0
460,7,-7.4,38.0,0.9,2000.0,-19.3,0.0,0.0,0.0
930,8,-7.6,37.0,1.1,2000.0,-19.8,0.01,0.0,0.0
490,9,-6.5,27.0,0.5,1928.0,-22.4,0.23,0.0,0.0
339,10,-3.5,24.0,1.2,1996.0,-21.2,0.65,0.0,0.0
360,11,-0.5,21.0,1.3,1936.0,-20.2,0.94,0.0,0.0
449,12,1.7,23.0,1.4,2000.0,-17.2,1.11,0.0,0.0
451,13,2.4,25.0,1.6,2000.0,-15.6,1.16,0.0,0.0
447,14,3.0,26.0,2.0,2000.0,-14.6,1.01,0.0,0.0
463,15,2.1,36.0,3.2,2000.0,-11.4,0.54,0.0,0.0
484,16,1.2,54.0,4.2,793.0,-7.0,0.24,0.0,0.0
555,17,0.8,58.0,1.6,2000.0,-6.5,0.08,0.0,0.0
862,18,0.6,66.0,1.4,2000.0,-5.0,0.0,0.0,0.0
600,19,0.0,77.0,1.7,2000.0,-3.5,0.0,0.0,0.0
426,20,-0.3,79.0,1.5,1913.0,-3.5,0.0,0.0,0.0
405,21,-0.8,81.0,0.8,1687.0,-3.6,0.0,0.0,0.0
398,22,-0.9,83.0,1.5,1380.0,-3.4,0.0,0.0,0.0
323,23,-1.3,84.0,1.0,1265.0,-3.6,0.0,0.0,0.0
326,0,-0.2,55.0,1.0,1629.0,-8.1,0.0,0.0,0.0
280,1,-0.2,54.0,0.5,1747.0,-8.4,0.0,0.0,0.0
243,2,0.2,52.0,0.7,1726.0,-8.5,0.0,0.0,0.0
169,3,0.3,53.0,0.5,1748.0,-8.1,0.0,0.0,0.0
71,4,0.4,52.0,1.6,1816.0,-8.3,0.0,0.0,0.0
13,5,0.3,74.0,1.0,178.0,-3.7,0.0,0.0,0.7
9,6,-0.5,90.0,0.9,91.0,-1.9,0.0,2.5,2.7
20,7,-0.4,92.0,1.1,121.0,-1.5,0.0,0.0,4.0
35,8,-0.2,90.0,1.2,378.0,-1.6,0.0,0.0,4.1
31,9,0.2,90.0,1.0,305.0,-1.2,0.0,1.6,4.3
19,10,0.5,91.0,0.4,143.0,-0.8,0.0,0.0,4.3
58,11,0.9,92.0,0.9,137.0,-0.2,0.03,0.0,3.9
119,12,2.3,88.0,0.3,245.0,0.5,0.28,0.0,3.1
182,13,3.3,87.0,1.1,230.0,1.3,0.54,0.0,2.1
235,14,4.2,85.0,0.7,325.0,1.8,0.65,0.0,1.4
180,15,6.7,63.0,4.5,715.0,0.1,0.35,0.0,1.0
214,16,5.4,71.0,3.5,622.0,0.5,0.2,0.0,0.5
226,17,3.6,65.0,4.3,1061.0,-2.3,0.03,0.0,0.4
210,18,2.0,61.0,3.0,2000.0,-4.7,0.0,0.0,0.0
181,19,1.6,53.0,4.0,2000.0,-6.9,0.0,0.0,0.0
165,20,0.6,57.0,3.9,1954.0,-6.9,0.0,0.0,0.0
167,21,0.0,59.0,3.0,1862.0,-7.0,0.0,0.0,0.0
152,22,-1.0,56.0,4.7,2000.0,-8.6,0.0,0.0,0.0
148,23,-1.4,43.0,4.3,2000.0,-12.3,0.0,0.0,0.0
171,0,-9.5,50.0,0.6,1953.0,-18.0,0.0,0.0,0.0
170,1,-9.8,48.0,0.8,2000.0,-18.7,0.0,0.0,0.0
107,2,-10.6,44.0,0.8,1903.0,-20.5,0.0,0.0,0.0
80,3,-10.7,48.0,0.4,1651.0,-19.6,0.0,0.0,0.0
52,4,-11.0,50.0,0.8,1718.0,-19.4,0.0,0.0,0.0
62,5,-10.8,48.0,0.8,1648.0,-19.6,0.0,0.0,0.0
108,6,-11.0,55.0,0.8,1541.0,-18.2,0.0,0.0,0.0
279,7,-10.9,57.0,1.1,1387.0,-17.7,0.0,0.0,0.0
621,8,-10.4,54.0,1.1,1432.0,-17.9,0.01,0.0,0.0
305,9,-9.4,44.0,0.5,1680.0,-19.4,0.13,0.0,0.0
189,10,-7.7,43.0,0.9,1555.0,-18.1,0.35,0.0,0.0
247,11,-6.1,38.0,1.0,1587.0,-18.1,0.52,0.0,0.0
278,12,-4.9,34.0,1.3,1768.0,-18.3,0.6,0.0,0.0
282,13,-3.8,32.0,0.9,1827.0,-18.1,0.52,0.0,0.0
294,14,-2.7,28.0,0.7,1857.0,-18.7,0.65,0.0,0.0
301,15,-2.5,29.0,1.1,1667.0,-18.1,0.48,0.0,0.0
335,16,-2.4,28.0,0.9,1878.0,-18.4,0.35,0.0,0.0
382,17,-2.9,31.0,0.6,1723.0,-17.7,0.09,0.0,0.0
612,18,-3.5,35.0,1.1,1414.0,-16.7,0.0,0.0,0.0
410,19,-4.2,40.0,0.9,1216.0,-15.8,0.0,0.0,0.0
277,20,-4.8,43.0,1.1,1397.0,-15.4,0.0,0.0,0.0
316,21,-4.8,45.0,0.8,1351.0,-14.9,0.0,0.0,0.0
309,22,-4.9,44.0,1.1,1369.0,-15.3,0.0,0.0,0.0
211,23,-5.6,53.0,1.2,1290.0,-13.6,0.0,0.0,0.0
166,0,-1.3,90.0,2.0,259.0,-2.7,0.0,0.0,2.2
189,1,-1.8,90.0,1.6,263.0,-3.2,0.0,0.0,2.2
132,2,-2.2,88.0,1.4,348.0,-3.9,0.0,0.0,2.2
79,3,-2.9,89.0,1.3,288.0,-4.4,0.0,0.0,2.2
58,4,-3.6,91.0,1.2,241.0,-4.8,0.0,0.0,2.2
49,5,-4.3,91.0,1.5,233.0,-5.5,0.0,0.0,2.2
84,6,-4.8,91.0,1.1,266.0,-6.0,0.0,0.0,2.2
178,7,-5.3,90.0,1.1,311.0,-6.6,0.0,0.0,2.2
423,8,-5.6,89.0,0.9,371.0,-7.1,0.0,0.0,2.2
265,9,-5.3,88.0,0.4,463.0,-6.9,0.21,0.0,2.2
169,10,-3.0,71.0,0.7,608.0,-7.5,0.67,0.0,2.1
243,11,-0.7,62.0,0.7,519.0,-7.0,0.77,0.0,2.0
290,12,1.9,40.0,2.0,1835.0,-10.3,1.04,0.0,1.9
285,13,3.2,42.0,1.8,1349.0,-8.5,1.08,0.0,1.8
255,14,4.3,47.0,2.3,953.0,-6.0,0.96,0.0,1.6
316,15,4.4,46.0,1.4,1113.0,-6.2,0.78,0.0,1.0
301,16,4.1,51.0,1.8,1112.0,-5.1,0.48,0.0,0.9
366,17,2.9,60.0,1.3,1193.0,-4.1,0.16,0.0,0.8
531,18,1.7,64.0,1.3,1140.0,-4.3,0.0,0.0,0.8
355,19,0.8,71.0,0.9,923.0,-3.8,0.0,0.0,0.8
288,20,0.2,72.0,0.7,990.0,-4.2,0.0,0.0,0.8
248,21,-0.4,74.0,0.6,1065.0,-4.4,0.0,0.0,0.8
252,22,-1.1,78.0,0.6,865.0,-4.4,0.0,0.0,0.8
212,23,-1.5,79.0,0.6,821.0,-4.6,0.0,0.0,0.8
164,0,-6.5,41.0,1.7,2000.0,-17.6,0.0,0.0,0.0
169,1,-6.6,39.0,1.4,2000.0,-18.2,0.0,0.0,0.0
163,2,-6.6,34.0,1.8,2000.0,-19.8,0.0,0.0,0.0
86,3,-6.0,32.0,2.5,2000.0,-20.0,0.0,0.0,0.0
50,4,-5.8,32.0,1.6,2000.0,-19.8,0.0,0.0,0.0
61,5,-5.7,28.0,1.2,2000.0,-21.3,0.0,0.0,0.0
103,6,-5.5,24.0,0.5,2000.0,-22.9,0.0,0.0,0.0
257,7,-5.0,31.0,0.5,2000.0,-19.5,0.0,0.0,0.0
554,8,-4.7,30.0,0.6,2000.0,-19.6,0.0,0.0,0.0
326,9,-4.3,38.0,0.7,1877.0,-16.5,0.04,0.0,0.0
225,10,-3.4,33.0,1.3,1863.0,-17.4,0.33,0.0,0.0
288,11,-2.1,34.0,1.0,1868.0,-15.8,0.65,0.0,0.0
286,12,-0.8,38.0,1.0,1686.0,-13.3,0.75,0.0,0.0
301,13,0.8,46.0,1.4,1598.0,-9.5,0.8,0.0,0.0
311,14,0.8,55.0,1.8,1132.0,-7.2,0.59,0.0,0.0
303,15,0.4,57.0,2.4,1179.0,-7.1,0.36,0.0,0.0
390,16,0.3,57.0,2.3,1204.0,-7.2,0.19,0.0,0.0
407,17,0.2,58.0,2.0,1159.0,-7.1,0.08,0.0,0.0
552,18,-0.6,62.0,1.6,1129.0,-6.9,0.0,0.0,0.0
402,19,-0.4,62.0,0.9,1103.0,-6.8,0.0,0.0,0.0
319,20,-0.3,62.0,1.3,1040.0,-6.7,0.0,0.0,0.0
332,21,-0.2,62.0,0.6,986.0,-6.6,0.0,0.0,0.0
285,22,0.0,63.0,1.3,968.0,-6.2,0.0,0.0,0.0
260,23,0.1,63.0,1.1,1003.0,-6.1,0.0,0.0,0.0
148,0,-1.8,54.0,1.1,1772.0,-9.8,0.0,0.0,0.0
108,1,-2.1,56.0,0.8,1732.0,-9.7,0.0,0.0,0.0
69,2,-2.3,62.0,0.9,1560.0,-8.6,0.0,0.0,0.0
41,3,-2.5,62.0,0.4,1626.0,-8.7,0.0,0.0,0.0
31,4,-2.7,67.0,0.5,1302.0,-7.9,0.0,0.0,0.0
58,5,-3.1,67.0,0.6,1384.0,-8.3,0.0,0.0,0.0
139,6,-3.2,67.0,0.4,1409.0,-8.4,0.0,0.0,0.0
344,7,-3.2,69.0,0.5,1249.0,-8.0,0.0,0.0,0.0
655,8,-3.4,71.0,0.8,1179.0,-7.9,0.0,0.0,0.0
315,9,-3.1,66.0,0.2,1168.0,-8.5,0.12,0.0,0.0
208,10,-1.4,50.0,1.9,1355.0,-10.5,0.38,0.0,0.0
269,11,-0.4,40.0,2.3,1633.0,-12.3,0.66,0.0,0.0
293,12,0.9,29.0,1.9,1761.0,-15.1,0.88,0.0,0.0
273,13,1.5,23.0,3.6,1970.0,-17.4,0.95,0.0,0.0
302,14,1.7,20.0,4.4,1995.0,-18.9,0.91,0.0,0.0
295,15,1.5,22.0,3.0,1998.0,-17.9,0.76,0.0,0.0
320,16,1.3,23.0,2.9,2000.0,-17.6,0.51,0.0,0.0
373,17,0.3,27.0,2.6,2000.0,-16.5,0.18,0.0,0.0
675,18,-0.8,24.0,2.3,2000.0,-18.9,0.01,0.0,0.0
403,19,-1.3,28.0,2.4,2000.0,-17.5,0.0,0.0,0.0
364,20,-1.9,26.0,2.2,2000.0,-18.9,0.0,0.0,0.0
304,21,-2.6,28.0,2.0,2000.0,-18.6,0.0,0.0,0.0
273,22,-3.4,33.0,2.4,2000.0,-17.4,0.0,0.0,0.0
186,23,-3.8,35.0,2.3,2000.0,-17.0,0.0,0.0,0.0
160,0,-4.3,38.0,1.4,2000.0,-16.5,0.0,0.0,0.0
130,1,-5.0,42.0,1.2,1993.0,-15.9,0.0,0.0,0.0
110,2,-5.5,43.0,2.0,2000.0,-16.1,0.0,0.0,0.0
67,3,-6.1,45.0,1.3,1999.0,-16.1,0.0,0.0,0.0
43,4,-6.1,45.0,2.3,2000.0,-16.1,0.0,0.0,0.0
67,5,-6.4,47.0,2.4,1981.0,-15.8,0.0,0.0,0.0
137,6,-6.7,48.0,2.4,1991.0,-15.9,0.0,0.0,0.0
308,7,-6.9,48.0,2.4,1974.0,-16.0,0.0,0.0,0.0
670,8,-7.0,49.0,1.5,1971.0,-15.9,0.0,0.0,0.0
342,9,-6.8,44.0,1.7,1858.0,-17.0,0.16,0.0,0.0
213,10,-5.6,38.0,2.9,1752.0,-17.6,0.55,0.0,0.0
267,11,-4.5,36.0,3.2,1736.0,-17.3,0.77,0.0,0.0
297,12,-3.4,32.0,3.1,1706.0,-17.7,1.02,0.0,0.0
279,13,-2.2,31.0,2.3,1910.0,-17.0,1.13,0.0,0.0
270,14,-1.5,30.0,2.8,1903.0,-16.8,1.1,0.0,0.0
286,15,-1.1,29.0,2.8,1976.0,-16.9,0.96,0.0,0.0
299,16,-0.4,30.0,2.0,2000.0,-15.9,0.62,0.0,0.0
382,17,-1.9,35.0,1.8,2000.0,-15.3,0.25,0.0,0.0
637,18,-3.1,39.0,2.1,2000.0,-15.1,0.0,0.0,0.0
431,19,-3.7,41.0,2.0,2000.0,-15.0,0.0,0.0,0.0
294,20,-3.9,44.0,2.5,2000.0,-14.3,0.0,0.0,0.0
335,21,-4.3,47.0,2.8,1997.0,-13.9,0.0,0.0,0.0
291,22,-5.2,53.0,1.3,1969.0,-13.3,0.0,0.0,0.0
197,23,-5.9,54.0,0.8,1968.0,-13.7,0.0,0.0,0.0
98,0,-10.3,54.0,2.4,1988.0,-17.8,0.0,0.0,0.0
100,1,-10.6,55.0,2.9,1987.0,-17.9,0.0,0.0,0.0
89,2,-10.9,57.0,2.7,1900.0,-17.7,0.0,0.0,0.0
38,3,-11.2,59.0,2.9,1872.0,-17.6,0.0,0.0,0.0
33,4,-11.5,57.0,2.3,1899.0,-18.3,0.0,0.0,0.0
42,5,-11.9,61.0,1.8,1759.0,-17.9,0.0,0.0,0.0
82,6,-12.0,61.0,2.3,1709.0,-18.0,0.0,0.0,0.0
203,7,-12.3,59.0,2.3,1738.0,-18.6,0.0,0.0,0.0
443,8,-12.6,61.0,1.6,1610.0,-18.5,0.0,0.0,0.0
227,9,-12.0,53.0,2.6,1781.0,-19.6,0.16,0.0,0.0
152,10,-11.1,46.0,3.7,1638.0,-20.4,0.48,0.0,0.0
146,11,-10.2,41.0,3.5,1629.0,-20.9,0.84,0.0,0.0
187,12,-8.6,40.0,2.6,1700.0,-19.8,1.11,0.0,0.0
178,13,-8.6,41.0,3.4,1593.0,-19.5,1.2,0.0,0.0
187,14,-7.4,38.0,3.3,1718.0,-19.3,1.15,0.0,0.0
181,15,-8.3,42.0,3.8,1745.0,-18.9,0.93,0.0,0.0
179,16,-8.2,39.0,2.8,1807.0,-19.7,0.63,0.0,0.0
219,17,-9.3,43.0,2.8,1900.0,-19.6,0.28,0.0,0.0
352,18,-10.4,43.0,2.3,1985.0,-20.6,0.02,0.0,0.0
251,19,-10.9,44.0,3.0,2000.0,-20.7,0.0,0.0,0.0
177,20,-11.6,49.0,1.8,1953.0,-20.1,0.0,0.0,0.0
162,21,-12.4,51.0,2.2,1992.0,-20.4,0.0,0.0,0.0
172,22,-12.9,52.0,2.8,2000.0,-20.7,0.0,0.0,0.0
119,23,-13.2,51.0,1.5,1972.0,-21.2,0.0,0.0,0.0
215,0,2.7,73.0,1.0,290.0,-1.6,0.0,0.0,0.0
190,1,3.2,72.0,1.9,306.0,-1.3,0.0,0.0,0.0
137,2,3.3,73.0,1.2,288.0,-1.0,0.0,0.0,0.0
95,3,3.6,74.0,1.7,273.0,-0.6,0.0,0.0,0.0
50,4,3.3,80.0,2.1,232.0,0.1,0.0,0.0,0.0
68,5,2.6,82.0,2.0,229.0,-0.1,0.0,0.0,0.0
107,6,2.2,82.0,2.0,211.0,-0.5,0.0,0.0,0.0
279,7,1.5,86.0,1.1,189.0,-0.5,0.0,0.0,0.0
537,8,1.1,86.0,1.2,197.0,-0.9,0.0,0.0,0.0
305,9,1.2,84.0,2.1,210.0,-1.2,0.07,0.0,0.0
188,10,1.4,81.0,2.1,255.0,-1.5,0.21,0.0,0.0
261,11,1.8,75.0,1.8,301.0,-2.1,0.35,0.0,0.0
267,12,2.5,72.0,2.4,256.0,-2.0,0.0,0.0,0.0
307,13,3.5,54.0,3.2,463.0,-4.9,0.68,0.0,0.0
301,14,4.4,42.0,2.3,719.0,-7.4,0.72,0.0,0.0
269,15,4.2,36.0,2.3,957.0,-9.5,0.57,0.0,0.0
328,16,3.6,42.0,2.4,883.0,-8.1,0.29,0.0,0.0
416,17,2.8,46.0,2.1,858.0,-7.6,0.14,0.0,0.0
506,18,2.0,39.0,2.1,1259.0,-10.5,0.01,0.0,0.0
365,19,1.5,41.0,1.0,1210.0,-10.3,0.0,0.0,0.0
303,20,1.1,44.0,1.2,1171.0,-9.8,0.0,0.0,0.0
339,21,0.8,45.0,1.5,1184.0,-9.8,0.0,0.0,0.0
318,22,0.7,45.0,2.0,1084.0,-9.9,0.0,0.0,0.0
232,23,0.6,47.0,2.3,1046.0,-9.4,0.0,0.0,0.0
78,0,-15.9,43.0,3.8,2000.0,-25.6,0.0,0.0,0.7
68,1,-16.1,42.0,2.2,2000.0,-26.0,0.0,0.0,0.7
60,2,-16.0,42.0,1.3,2000.0,-25.9,0.0,0.0,0.7
32,3,-16.0,40.0,1.9,2000.0,-26.5,0.0,0.0,0.7
22,4,-15.9,37.0,2.4,1985.0,-27.2,0.0,0.0,0.7
34,5,-15.8,37.0,2.7,2000.0,-27.1,0.0,0.0,0.7
71,6,-16.1,33.0,3.0,2000.0,-28.7,0.0,0.0,0.7
165,7,-16.2,33.0,2.2,2000.0,-28.7,0.0,0.0,0.7
349,8,-16.4,32.0,3.3,2000.0,-29.2,0.01,0.0,0.6
187,9,-16.2,33.0,2.9,2000.0,-28.7,0.19,0.0,0.6
105,10,-15.3,33.0,2.4,2000.0,-27.9,0.56,0.0,0.6
122,11,-13.8,25.0,3.5,1996.0,-29.6,0.91,0.0,0.6
142,12,-12.8,25.0,3.2,1981.0,-28.7,1.16,0.0,0.6
130,13,-11.4,27.0,3.9,2000.0,-26.7,1.26,0.0,0.6
160,14,-10.4,25.0,2.3,1981.0,-26.7,1.21,0.0,0.5
130,15,-9.7,28.0,3.7,2000.0,-24.8,1.0,0.0,0.5
152,16,-9.6,31.0,2.6,1973.0,-23.6,0.66,0.0,0.5
170,17,-10.9,32.0,4.0,2000.0,-24.4,0.28,0.0,0.5
288,18,-11.8,33.0,4.0,2000.0,-24.8,0.04,0.0,0.5
178,19,-12.7,33.0,3.7,2000.0,-25.6,0.0,0.0,0.5
141,20,-13.5,33.0,2.4,2000.0,-26.3,0.0,0.0,0.5
137,21,-14.1,35.0,2.2,2000.0,-26.2,0.0,0.0,0.5
113,22,-14.6,35.0,2.5,2000.0,-26.7,0.0,0.0,0.5
79,23,-14.9,35.0,2.8,2000.0,-26.9,0.0,0.0,0.5
136,0,-8.2,50.0,1.1,1850.0,-16.8,0.0,0.0,0.0
126,1,-8.5,60.0,1.2,1908.0,-14.8,0.0,0.0,0.0
103,2,-8.3,65.0,0.4,1750.0,-13.7,0.0,0.0,0.0
57,3,-8.6,64.0,0.9,1754.0,-14.1,0.0,0.0,0.0
46,4,-9.0,54.0,0.6,1833.0,-16.6,0.0,0.0,0.0
39,5,-9.0,56.0,0.4,1678.0,-16.1,0.0,0.0,0.0
99,6,-9.3,61.0,0.7,1684.0,-15.4,0.0,0.0,0.0
255,7,-9.6,67.0,1.0,1503.0,-14.5,0.0,0.0,0.0
507,8,-9.7,65.0,0.8,1508.0,-15.0,0.02,0.0,0.0
270,9,-8.5,55.0,1.0,1482.0,-15.9,0.4,0.0,0.0
160,10,-6.3,46.0,1.3,1346.0,-16.0,1.01,0.0,0.0
217,11,-3.1,39.0,1.2,1495.0,-15.1,1.54,0.0,0.0
253,12,-1.5,35.0,1.2,1551.0,-15.0,1.9,0.0,0.0
270,13,0.3,30.0,1.4,1697.0,-15.2,2.11,0.0,0.0
253,14,0.9,25.0,2.4,1730.0,-16.9,2.09,0.0,0.0
286,15,1.4,25.0,2.2,1686.0,-16.5,1.81,0.0,0.0
284,16,2.0,25.0,2.3,1755.0,-16.0,1.3,0.0,0.0
337,17,1.5,24.0,1.9,1788.0,-16.9,0.72,0.0,0.0
564,18,-0.5,26.0,1.7,1999.0,-17.7,0.15,0.0,0.0
378,19,-1.8,35.0,1.4,1558.0,-15.2,0.0,0.0,0.0
277,20,-2.8,40.0,1.5,1593.0,-14.5,0.0,0.0,0.0
268,21,-3.3,42.0,1.1,1596.0,-14.4,0.0,0.0,0.0
233,22,-3.9,41.0,0.4,1462.0,-15.2,0.0,0.0,0.0
195,23,-4.3,44.0,0.7,1247.0,-14.7,0.0,0.0,0.0
126,0,-0.7,37.0,3.5,1716.0,-13.6,0.0,0.0,0.0
123,1,-1.1,38.0,2.8,1999.0,-13.6,0.0,0.0,0.0
112,2,-1.2,35.0,2.2,2000.0,-14.7,0.0,0.0,0.0
74,3,-1.4,34.0,2.1,2000.0,-15.2,0.0,0.0,0.0
58,4,-1.9,34.0,3.0,2000.0,-15.7,0.0,0.0,0.0
32,5,-2.4,33.0,3.1,2000.0,-16.5,0.0,0.0,0.0
39,6,-2.6,38.0,1.0,2000.0,-15.0,0.0,0.0,0.0
55,7,-3.0,40.0,0.9,2000.0,-14.7,0.0,0.0,0.0
112,8,-3.0,38.0,1.0,2000.0,-15.4,0.0,0.0,0.0
112,9,-3.5,30.0,1.5,1980.0,-18.6,0.0,0.0,0.0
127,10,-1.6,26.0,1.9,1980.0,-18.6,1.29,0.0,0.0
170,11,0.1,22.0,2.0,2000.0,-19.1,1.84,0.0,0.0
174,12,1.7,20.0,3.0,1983.0,-18.9,2.28,0.0,0.0
240,13,2.2,18.0,3.4,1942.0,-19.7,2.3,0.0,0.0
270,14,2.9,14.0,4.3,2000.0,-22.0,2.29,0.0,0.0
276,15,3.8,17.0,3.2,2000.0,-19.0,1.97,0.0,0.0
273,16,3.2,16.0,3.0,2000.0,-20.2,1.45,0.0,0.0
236,17,2.4,17.0,3.1,1990.0,-20.2,0.78,0.0,0.0
190,18,1.1,18.0,2.5,2000.0,-20.6,0.2,0.0,0.0
166,19,0.1,21.0,2.9,2000.0,-19.7,0.0,0.0,0.0
148,20,-0.4,27.0,2.2,2000.0,-17.1,0.0,0.0,0.0
134,21,-1.1,32.0,2.4,2000.0,-15.7,0.0,0.0,0.0
145,22,-1.9,30.0,0.8,2000.0,-17.2,0.0,0.0,0.0
92,23,-2.5,31.0,1.4,1996.0,-17.3,0.0,0.0,0.0
195,0,-2.7,58.0,1.7,2000.0,-9.8,0.0,0.0,0.0
190,1,-2.2,58.0,1.0,2000.0,-9.3,0.0,0.0,0.0
116,2,-2.9,57.0,0.0,1985.0,-10.2,0.0,0.0,0.0
71,3,-2.8,57.0,0.5,1995.0,-10.1,0.0,0.0,0.0
66,4,-2.4,58.0,0.3,2000.0,-9.5,0.0,0.0,0.0
75,5,-2.4,59.0,1.1,1984.0,-9.3,0.0,0.0,0.0
151,6,-3.0,62.0,0.8,1996.0,-9.2,0.0,0.0,0.0
373,7,-3.7,64.0,0.7,1891.0,-9.5,0.0,0.0,0.0
783,8,-3.6,63.0,0.9,1473.0,-9.6,0.07,0.0,0.0
383,9,-1.9,51.0,0.9,1654.0,-10.7,0.58,0.0,0.0
259,10,0.9,44.0,1.1,1826.0,-10.0,1.16,0.0,0.0
308,11,2.7,44.0,0.9,1761.0,-8.3,1.45,0.0,0.0
352,12,4.8,47.0,2.6,1373.0,-5.5,1.72,0.0,0.0
316,13,4.5,51.0,3.8,1108.0,-4.7,1.08,0.0,0.0
331,14,4.8,50.0,4.3,1168.0,-4.7,1.01,0.0,0.0
356,15,5.0,49.0,4.4,1138.0,-4.8,0.96,0.0,0.0
404,16,5.0,50.0,4.3,1121.0,-4.5,0.74,0.0,0.0
465,17,4.6,52.0,3.9,1059.0,-4.4,0.5,0.0,0.0
730,18,3.9,56.0,4.0,1004.0,-4.0,0.18,0.0,0.0
499,19,3.5,60.0,2.7,936.0,-3.5,0.0,0.0,0.0
348,20,3.0,62.0,2.4,975.0,-3.5,0.0,0.0,0.0
393,21,2.9,64.0,2.5,1154.0,-3.2,0.0,0.0,0.0
346,22,2.9,65.0,2.3,1150.0,-3.0,0.0,0.0,0.0
202,23,2.9,63.0,2.6,1253.0,-3.4,0.0,0.0,0.0
22,0,7.6,88.0,2.5,1974.0,5.7,0.0,9.0,0.0
23,1,7.0,88.0,2.5,2000.0,5.1,0.0,0.0,0.0
9,2,6.3,89.0,2.2,1456.0,4.6,0.0,0.0,0.0
2,3,5.7,92.0,2.0,458.0,4.4,0.0,1.5,0.0
4,4,5.1,90.0,2.6,1005.0,3.5,0.0,0.0,0.0
22,5,4.7,89.0,2.3,1242.0,3.0,0.0,0.0,0.0
20,6,4.2,87.0,2.0,1979.0,2.2,0.0,2.0,0.0
85,7,3.8,87.0,2.2,2000.0,1.8,0.0,0.0,0.0
184,8,3.6,88.0,2.3,2000.0,1.7,0.03,0.0,0.0
211,9,3.7,85.0,1.8,2000.0,1.4,0.17,0.0,0.0
232,10,4.4,80.0,1.8,2000.0,1.2,0.56,0.0,0.0
322,11,6.1,66.0,1.9,2000.0,0.2,1.42,0.0,0.0
438,12,7.6,58.0,2.4,2000.0,-0.1,1.85,0.0,0.0
465,13,8.3,51.0,2.0,2000.0,-1.2,1.42,0.0,0.0
550,14,10.0,44.0,1.9,2000.0,-1.7,2.46,0.0,0.0
637,15,10.3,43.0,2.5,2000.0,-1.7,2.45,0.0,0.0
718,16,11.0,39.0,1.2,2000.0,-2.4,1.96,0.0,0.0
865,17,10.0,43.0,1.4,2000.0,-2.0,1.12,0.0,0.0
1155,18,8.1,47.0,1.7,2000.0,-2.5,0.34,0.0,0.0
782,19,5.8,53.0,1.7,2000.0,-3.0,0.02,0.0,0.0
578,20,4.3,57.0,1.3,2000.0,-3.4,0.0,0.0,0.0
533,21,3.1,59.0,1.5,2000.0,-4.1,0.0,0.0,0.0
466,22,2.3,63.0,1.0,2000.0,-4.0,0.0,0.0,0.0
274,23,1.9,60.0,1.3,2000.0,-5.0,0.0,0.0,0.0
466,0,16.0,69.0,2.4,1863.0,10.3,0.0,0.0,0.0
355,1,16.3,68.0,2.1,1859.0,10.3,0.0,0.0,0.0
203,2,16.5,68.0,1.3,1724.0,10.5,0.0,0.0,0.0
51,3,16.5,69.0,2.4,1659.0,10.7,0.0,0.0,0.0
9,4,15.1,86.0,2.1,877.0,12.7,0.0,0.0,0.0
8,5,14.5,94.0,2.0,487.0,13.5,0.0,0.0,0.0
10,6,14.4,96.0,0.7,453.0,13.7,0.0,8.0,0.0
15,7,14.3,97.0,0.3,189.0,13.8,0.0,0.0,0.0
39,8,14.1,97.0,1.1,342.0,13.6,0.0,0.0,0.0
32,9,14.1,98.0,1.1,253.0,13.7,0.06,17.0,0.0
27,10,14.2,98.0,1.2,299.0,13.8,0.14,0.0,0.0
65,11,13.9,98.0,1.4,296.0,13.5,0.13,0.0,0.0
204,12,13.3,97.0,2.9,771.0,12.8,0.19,2.0,0.0
269,13,12.7,97.0,2.6,467.0,12.2,0.23,0.0,0.0
289,14,12.1,97.0,2.0,177.0,11.6,0.2,0.0,0.0
329,15,11.6,97.0,3.4,117.0,11.1,0.26,0.0,0.0
214,16,10.7,98.0,1.2,196.0,10.3,0.14,0.0,0.0
411,17,10.9,98.0,1.3,222.0,10.5,0.09,0.0,0.0
676,18,10.4,98.0,2.5,116.0,10.0,0.03,0.0,0.0
606,19,10.4,98.0,2.0,391.0,10.0,0.0,0.0,0.0
533,20,10.5,97.0,1.8,372.0,10.0,0.0,0.0,0.0
567,21,10.4,96.0,2.7,499.0,9.7,0.0,0.0,0.0
506,22,9.8,90.0,3.7,493.0,8.2,0.0,0.0,0.0
343,23,9.3,90.0,4.1,609.0,7.7,0.0,0.0,0.0
243,0,1.6,86.0,1.7,1141.0,-0.4,0.0,0.0,0.0
247,1,1.6,85.0,2.0,952.0,-0.6,0.0,0.0,0.0
173,2,1.5,86.0,2.5,782.0,-0.5,0.0,0.0,0.0
107,3,1.3,87.0,1.7,822.0,-0.6,0.0,0.0,0.0
75,4,1.3,87.0,2.2,937.0,-0.6,0.0,0.0,0.0
81,5,1.1,88.0,0.9,927.0,-0.6,0.0,0.0,0.0
212,6,0.8,88.0,1.0,900.0,-0.9,0.0,0.0,0.0
600,7,0.6,85.0,1.5,1321.0,-1.6,0.01,0.0,0.0
1174,8,1.1,79.0,1.7,1480.0,-2.1,0.36,0.0,0.0
653,9,2.5,67.0,1.3,1472.0,-3.0,1.11,0.0,0.0
446,10,4.9,56.0,1.9,1480.0,-3.1,1.76,0.0,0.0
565,11,6.9,46.0,2.1,1541.0,-3.9,2.33,0.0,0.0
668,12,8.3,36.0,2.5,1665.0,-5.9,2.7,0.0,0.0
648,13,9.9,29.0,3.2,1641.0,-7.3,2.91,0.0,0.0
674,14,11.4,30.0,3.1,1672.0,-5.5,2.82,0.0,0.0
758,15,10.7,34.0,4.5,1850.0,-4.5,2.51,0.0,0.0
752,16,10.3,34.0,3.8,1850.0,-4.9,1.93,0.0,0.0
999,17,9.6,38.0,3.2,1606.0,-4.0,1.35,0.0,0.0
1495,18,7.9,46.0,3.1,1057.0,-3.0,0.58,0.0,0.0
923,19,6.2,54.0,1.8,883.0,-2.4,0.08,0.0,0.0
739,20,5.1,56.0,2.0,899.0,-2.9,0.0,0.0,0.0
726,21,4.5,62.0,2.0,826.0,-2.1,0.0,0.0,0.0
621,22,3.9,66.0,2.7,990.0,-1.8,0.0,0.0,0.0
428,23,3.4,69.0,1.1,895.0,-1.7,0.0,0.0,0.0
466,0,13.4,77.0,1.5,537.0,9.4,0.0,0.0,0.0
390,1,13.0,81.0,1.9,484.0,9.8,0.0,0.0,0.0
254,2,12.9,83.0,1.6,369.0,10.0,0.0,0.0,0.0
170,3,12.7,80.0,0.4,384.0,9.3,0.0,0.0,0.0
109,4,12.8,81.0,0.2,418.0,9.6,0.0,0.0,0.0
106,5,12.7,83.0,0.8,392.0,9.8,0.0,0.0,0.0
274,6,12.6,83.0,0.5,332.0,9.7,0.0,0.0,0.0
781,7,12.8,82.0,0.6,370.0,9.7,0.01,0.0,0.0
1281,8,13.3,80.0,1.2,369.0,9.9,0.14,0.0,0.0
757,9,13.5,79.0,1.9,382.0,9.9,0.2,0.0,0.0
482,10,15.0,69.0,1.5,552.0,9.3,1.02,0.0,0.0
583,11,16.1,63.0,1.2,555.0,9.0,1.08,0.0,0.0
714,12,18.2,55.0,2.3,594.0,9.0,2.24,0.0,0.0
716,13,19.5,48.0,1.9,596.0,8.1,2.32,0.0,0.0
711,14,20.2,47.0,2.4,541.0,8.5,2.3,0.0,0.0
781,15,20.8,42.0,3.1,576.0,7.4,2.1,0.0,0.0
957,16,20.7,38.0,2.2,741.0,5.8,1.63,0.0,0.0
1194,17,20.3,48.0,2.8,635.0,8.9,1.14,0.0,0.0
1776,18,19.1,47.0,2.4,942.0,7.5,0.57,0.0,0.0
1260,19,17.5,61.0,2.2,758.0,9.8,0.11,0.0,0.0
1079,20,15.6,64.0,2.7,686.0,8.8,0.0,0.0,0.0
1046,21,14.4,66.0,1.7,677.0,8.1,0.0,0.0,0.0
949,22,13.3,71.0,2.1,581.0,8.1,0.0,0.0,0.0
614,23,12.7,75.0,1.6,475.0,8.3,0.0,0.0,0.0
579,0,12.1,70.0,0.8,1050.0,6.7,0.0,0.0,0.0
453,1,11.7,74.0,0.5,979.0,7.2,0.0,0.0,0.0
322,2,11.7,72.0,0.6,915.0,6.8,0.0,0.0,0.0
221,3,11.9,71.0,0.7,853.0,6.7,0.0,0.0,0.0
147,4,12.1,69.0,0.3,827.0,6.5,0.0,0.0,0.0
96,5,12.3,65.0,0.5,1085.0,5.8,0.0,0.0,0.0
110,6,12.4,61.0,0.4,1131.0,5.0,0.0,0.0,0.0
169,7,12.5,62.0,0.4,1003.0,5.4,0.0,0.0,0.0
342,8,12.9,64.0,1.5,778.0,6.2,0.06,0.0,0.0
485,9,13.5,66.0,1.8,934.0,7.2,0.16,0.0,0.0
566,10,14.7,61.0,2.0,945.0,7.2,0.64,0.0,0.0
737,11,16.7,55.0,2.1,1182.0,7.6,1.37,0.0,0.0
926,12,18.0,53.0,3.1,1350.0,8.2,1.53,0.0,0.0
1156,13,17.9,60.0,2.2,1248.0,10.0,0.86,0.0,0.0
1201,14,17.5,67.0,2.1,832.0,11.2,0.42,0.0,0.0
1349,15,18.2,63.0,2.2,687.0,11.0,0.72,0.0,0.0
1409,16,18.2,69.0,3.2,625.0,12.4,0.87,0.0,0.0
1362,17,18.0,72.0,1.8,559.0,12.8,0.47,0.0,0.0
1296,18,17.7,75.0,2.1,519.0,13.2,0.12,0.0,0.0
1066,19,17.4,79.0,2.3,614.0,13.7,0.03,0.0,0.0
984,20,17.1,80.0,1.5,480.0,13.6,0.0,0.0,0.0
983,21,16.9,81.0,1.9,472.0,13.6,0.0,0.0,0.0
841,22,16.7,83.0,2.4,416.0,13.7,0.0,0.0,0.0
588,23,16.3,82.0,1.3,480.0,13.2,0.0,0.0,0.0
485,0,9.0,46.0,1.2,1259.0,-2.0,0.0,0.0,0.0
376,1,9.0,44.0,1.0,1314.0,-2.6,0.0,0.0,0.0
250,2,8.8,43.0,1.0,1490.0,-3.1,0.0,0.0,0.0
149,3,8.1,48.0,0.8,1455.0,-2.2,0.0,0.0,0.0
102,4,7.5,48.0,1.0,1458.0,-2.8,0.0,0.0,0.0
123,5,7.1,53.0,0.8,1392.0,-1.8,0.0,0.0,0.0
370,6,6.9,51.0,0.9,1546.0,-2.5,0.0,0.0,0.0
981,7,7.2,50.0,1.1,1454.0,-2.5,0.1,0.0,0.0
1702,8,9.6,38.0,1.4,1527.0,-4.0,0.58,0.0,0.0
982,9,11.9,35.0,1.1,1664.0,-3.1,0.95,0.0,0.0
703,10,15.2,31.0,1.6,1757.0,-1.8,1.84,0.0,0.0
839,11,18.5,27.0,1.3,1610.0,-0.8,2.59,0.0,0.0
1023,12,20.5,37.0,4.6,1761.0,5.2,2.94,0.0,0.0
967,13,21.9,34.0,5.1,1861.0,5.3,2.77,0.0,0.0
913,14,21.2,35.0,7.4,1992.0,5.1,1.8,0.0,0.0
933,15,21.4,33.0,4.8,1998.0,4.4,1.63,0.0,0.0
1080,16,20.9,34.0,5.8,2000.0,4.4,1.37,0.0,0.0
1004,17,20.6,39.0,5.6,2000.0,6.1,0.74,0.0,0.0
1805,18,19.7,52.0,7.2,2000.0,9.5,0.2,0.0,0.0
1153,19,19.2,55.0,5.8,2000.0,9.9,0.01,0.0,0.0
336,20,19.1,58.0,6.1,2000.0,10.6,0.0,0.0,0.0
133,21,17.5,70.0,7.3,1634.0,11.9,0.0,0.5,0.0
75,22,15.8,83.0,5.4,691.0,12.9,0.0,1.5,0.0
212,23,15.1,83.0,4.1,1147.0,12.2,0.0,3.0,0.0
520,0,9.8,44.0,1.4,1268.0,-1.8,0.0,0.0,0.0
42,1,9.3,45.0,0.8,1263.0,-2.0,0.0,0.0,0.0
281,2,8.8,49.0,0.7,1272.0,-1.3,0.0,0.0,0.0
206,3,8.6,53.0,1.5,1185.0,-0.4,0.0,0.0,0.0
125,4,8.3,53.0,1.1,1007.0,-0.7,0.0,0.0,0.0
153,5,7.9,59.0,1.4,1005.0,0.3,0.0,0.0,0.0
367,6,7.6,55.0,1.2,1021.0,-0.8,0.0,0.0,0.0
254,7,7.7,48.0,0.4,1110.0,-2.6,0.19,0.0,0.0
20,8,9.6,39.0,0.8,1003.0,-3.7,0.79,0.0,0.0
316,9,12.4,29.0,1.5,1380.0,-5.1,1.49,0.0,0.0
139,10,14.7,29.0,1.7,1070.0,-3.1,2.07,0.0,0.0
795,11,16.1,23.0,2.5,1361.0,-5.0,2.52,0.0,0.0
919,12,17.8,21.0,2.7,1335.0,-4.8,2.79,0.0,0.0
930,13,19.2,17.0,2.2,1448.0,-6.4,2.89,0.0,0.0
996,14,20.5,17.0,3.1,1512.0,-5.4,2.83,0.0,0.0
1039,15,20.2,21.0,4.8,1161.0,-2.8,2.53,0.0,0.0
1198,16,19.8,25.0,4.4,1132.0,-0.8,2.02,0.0,0.0
1534,17,20.1,27.0,1.9,1088.0,0.4,1.38,0.0,0.0
2198,18,19.1,31.0,3.0,958.0,1.5,0.7,0.0,0.0
1489,19,17.4,34.0,2.2,779.0,1.3,0.16,0.0,0.0
1313,20,15.5,38.0,1.7,745.0,1.2,0.0,0.0,0.0
1165,21,14.2,44.0,2.4,1290.0,2.1,0.0,0.0,0.0
1054,22,13.4,49.0,1.1,1326.0,2.8,0.0,0.0,0.0
677,23,12.9,51.0,1.7,1200.0,2.9,0.0,0.0,0.0
692,0,13.1,47.0,0.3,1877.0,2.0,0.0,0.0,0.0
546,1,12.4,55.0,1.0,1836.0,3.5,0.0,0.0,0.0
409,2,11.9,57.0,1.0,1793.0,3.6,0.0,0.0,0.0
239,3,11.3,66.0,1.0,1506.0,5.1,0.0,0.0,0.0
140,4,10.7,70.0,0.7,1404.0,5.4,0.0,0.0,0.0
180,5,10.2,73.0,0.8,1137.0,5.5,0.0,0.0,0.0
452,6,10.0,72.0,0.8,1217.0,5.1,0.01,0.0,0.0
1124,7,10.7,68.0,0.8,1093.0,5.0,0.27,0.0,0.0
1933,8,11.7,62.0,0.6,956.0,4.6,0.62,0.0,0.0
1027,9,14.0,54.0,1.5,1054.0,4.8,1.37,0.0,0.0
745,10,16.7,47.0,2.2,1147.0,5.3,2.26,0.0,0.0
930,11,18.1,42.0,2.7,1112.0,4.9,2.17,0.0,0.0
1197,12,19.6,36.0,2.2,962.0,4.1,2.55,0.0,0.0
1084,13,20.6,30.0,2.4,1048.0,2.3,2.67,0.0,0.0
1123,14,21.6,28.0,3.1,1414.0,2.2,2.84,0.0,0.0
1227,15,21.9,23.0,2.6,1463.0,-0.1,2.66,0.0,0.0
1386,16,21.7,23.0,2.5,1404.0,-0.3,1.97,0.0,0.0
1796,17,20.7,30.0,3.3,1482.0,2.4,1.48,0.0,0.0
2574,18,17.4,45.0,3.1,1092.0,5.3,0.75,0.0,0.0
1891,19,15.2,45.0,3.3,1138.0,3.3,0.24,0.0,0.0
1531,20,14.4,50.0,2.7,1216.0,4.0,0.01,0.0,0.0
1447,21,13.4,60.0,2.2,1517.0,5.7,0.0,0.0,0.0
1146,22,12.7,61.0,2.2,1949.0,5.3,0.0,0.0,0.0
851,23,12.1,58.0,1.9,1719.0,4.0,0.0,0.0,0.0
624,0,10.0,63.0,2.1,1653.0,3.2,0.0,0.0,0.0
480,1,9.7,63.0,2.1,1610.0,2.9,0.0,0.0,0.0
352,2,9.6,65.0,1.5,1654.0,3.3,0.0,0.0,0.0
224,3,9.6,66.0,0.9,1685.0,3.5,0.0,0.0,0.0
138,4,9.5,66.0,1.1,1737.0,3.4,0.0,0.0,0.0
186,5,9.2,63.0,0.8,1896.0,2.5,0.0,0.0,0.0
521,6,9.0,57.0,1.7,1903.0,0.9,0.0,0.0,0.0
1260,7,9.5,55.0,2.1,1912.0,0.8,0.32,0.0,0.0
2041,8,11.3,46.0,1.2,1788.0,0.0,1.04,0.0,0.0
1155,9,14.1,42.0,1.9,1893.0,1.3,1.78,0.0,0.0
864,10,16.1,37.0,2.9,1629.0,1.3,2.4,0.0,0.0
1021,11,17.2,35.0,3.6,1731.0,1.5,2.93,0.0,0.0
1206,12,17.9,32.0,4.6,1874.0,0.9,3.28,0.0,0.0
1222,13,18.9,30.0,3.8,1854.0,0.9,3.39,0.0,0.0
1266,14,18.8,31.0,4.9,1940.0,1.2,3.31,0.0,0.0
1323,15,19.9,26.0,3.8,1898.0,-0.1,3.0,0.0,0.0
1501,16,18.6,30.0,5.1,1891.0,0.6,2.49,0.0,0.0
1857,17,18.1,30.0,4.6,1925.0,0.2,1.86,0.0,0.0
2661,18,17.1,35.0,3.4,1961.0,1.4,1.11,0.0,0.0
1890,19,15.5,46.0,2.6,1782.0,3.9,0.34,0.0,0.0
1389,20,14.1,46.0,3.4,1940.0,2.6,0.01,0.0,0.0
1298,21,13.3,47.0,1.9,1805.0,2.2,0.0,0.0,0.0
1256,22,12.7,55.0,2.0,1775.0,3.8,0.0,0.0,0.0
935,23,12.4,58.0,2.5,1843.0,4.3,0.0,0.0,0.0
778,0,15.5,85.0,0.9,2000.0,12.9,0.0,0.0,0.0
609,1,15.1,84.0,0.3,1858.0,12.4,0.0,0.0,0.0
404,2,14.8,85.0,0.4,1831.0,12.2,0.0,0.0,0.0
249,3,14.7,82.0,0.8,1822.0,11.6,0.0,0.0,0.0
185,4,14.4,85.0,0.8,1437.0,11.9,0.0,0.0,0.0
170,5,14.2,85.0,0.5,1412.0,11.7,0.0,0.0,0.0
221,6,14.0,87.0,0.8,1334.0,11.8,0.01,0.0,0.0
389,7,14.2,81.0,0.3,1991.0,10.9,0.13,0.0,0.0
600,8,14.8,80.0,0.3,1921.0,11.3,0.31,0.0,0.0
737,9,15.9,72.0,0.5,1835.0,10.8,0.67,0.0,0.0
895,10,17.5,63.0,0.6,1916.0,10.3,0.96,0.0,0.0
1167,11,20.2,45.0,1.1,1894.0,7.8,2.33,0.0,0.0
1414,12,22.9,35.0,0.8,1948.0,6.6,3.05,0.0,0.0
1665,13,23.7,44.0,1.7,1897.0,10.7,2.35,0.0,0.0
1970,14,24.1,42.0,1.2,1770.0,10.3,1.93,0.0,0.0
2191,15,24.6,38.0,2.1,1478.0,9.3,1.85,0.0,0.0
2213,16,24.5,38.0,2.2,1903.0,9.2,1.1,0.0,0.0
2392,17,25.5,31.0,2.3,1974.0,7.1,1.5,0.0,0.0
2268,18,25.1,32.0,2.4,1899.0,7.2,1.1,0.0,0.0
1664,19,23.5,48.0,1.5,1929.0,11.8,0.4,0.0,0.0
1912,20,20.9,61.0,2.7,1523.0,13.0,0.01,0.0,0.0
1717,21,19.6,64.0,1.5,1297.0,12.5,0.0,0.0,0.0
1336,22,18.6,69.0,1.7,1047.0,12.7,0.0,0.0,0.0
994,23,17.5,69.0,1.5,978.0,11.7,0.0,0.0,0.0
118,0,22.0,97.0,1.6,152.0,21.4,0.0,0.5,0.0
144,1,22.0,97.0,2.1,192.0,21.4,0.0,0.5,0.0
78,2,21.8,97.0,1.3,175.0,21.2,0.0,1.0,0.0
38,3,21.8,98.0,0.6,113.0,21.4,0.0,2.5,0.0
51,4,19.2,98.0,2.4,1965.0,18.8,0.0,19.0,0.0
54,5,18.8,97.0,0.9,1927.0,18.3,0.0,0.0,0.0
69,6,18.9,98.0,0.3,338.0,18.5,0.0,0.0,0.0
80,7,19.1,98.0,0.3,125.0,18.7,0.0,0.0,0.0
152,8,19.7,98.0,0.5,1958.0,19.3,0.12,13.5,0.0
28,9,19.7,98.0,0.5,659.0,19.3,0.05,10.0,0.0
141,10,20.1,98.0,1.2,885.0,19.7,0.13,2.0,0.0
182,11,20.4,98.0,0.9,300.0,20.0,0.25,2.5,0.0
467,12,21.7,96.0,0.8,1773.0,21.0,0.81,1.5,0.0
592,13,23.4,83.0,1.7,1944.0,20.3,1.5,0.0,0.0
352,14,23.4,81.0,0.6,1921.0,19.9,0.5,0.0,0.0
186,15,22.8,95.0,1.6,294.0,21.9,0.11,0.5,0.0
102,16,22.9,95.0,0.4,385.0,22.0,0.31,0.0,0.0
131,17,22.7,96.0,0.4,249.0,22.0,0.11,2.5,0.0
431,18,22.6,97.0,1.1,304.0,22.0,0.07,1.5,0.0
29,19,22.3,96.0,2.6,191.0,21.6,0.0,0.0,0.0
17,20,21.3,97.0,2.8,388.0,20.7,0.0,12.5,0.0
18,21,20.5,97.0,1.1,726.0,20.0,0.0,4.0,0.0
26,22,20.2,98.0,0.5,468.0,19.8,0.0,6.0,0.0
35,23,20.0,98.0,1.8,589.0,19.6,0.0,2.5,0.0
778,0,13.7,51.0,1.3,1651.0,3.7,0.0,0.0,0.0
578,1,12.9,62.0,0.6,1557.0,5.7,0.0,0.0,0.0
385,2,12.5,54.0,0.7,1500.0,3.4,0.0,0.0,0.0
265,3,12.1,64.0,0.8,1538.0,5.4,0.0,0.0,0.0
161,4,11.7,64.0,1.6,1578.0,5.1,0.0,0.0,0.0
205,5,11.3,64.0,1.2,1634.0,4.7,0.0,0.0,0.0
530,6,11.4,67.0,1.0,1600.0,5.4,0.04,0.0,0.0
1390,7,12.5,61.0,1.3,1818.0,5.1,0.42,0.0,0.0
2081,8,15.2,50.0,1.6,1530.0,4.8,1.1,0.0,0.0
1226,9,17.6,30.0,1.1,1531.0,0.0,1.79,0.0,0.0
880,10,19.9,27.0,2.7,1775.0,0.3,2.44,0.0,0.0
922,11,21.5,30.0,2.9,1779.0,3.1,2.92,0.0,0.0
1087,12,22.1,36.0,5.3,1696.0,6.3,3.2,0.0,0.0
1078,13,23.3,35.0,3.7,1874.0,6.9,3.28,0.0,0.0
1059,14,23.2,36.0,4.9,1597.0,7.2,3.18,0.0,0.0
1174,15,23.5,36.0,3.2,1786.0,7.5,2.91,0.0,0.0
1455,16,23.5,36.0,4.0,1763.0,7.5,2.42,0.0,0.0
1863,17,23.4,38.0,2.7,1885.0,8.2,1.76,0.0,0.0
2825,18,22.6,39.0,2.8,1655.0,7.9,1.1,0.0,0.0
2334,19,21.1,44.0,2.6,1512.0,8.3,0.41,0.0,0.0
1902,20,20.0,46.0,2.6,1414.0,8.0,0.05,0.0,0.0
1838,21,19.3,50.0,1.7,1381.0,8.6,0.0,0.0,0.0
1678,22,18.6,54.0,2.3,1328.0,9.0,0.0,0.0,0.0
1087,23,18.1,56.0,1.6,1095.0,9.1,0.0,0.0,0.0
844,0,15.8,82.0,1.6,546.0,12.7,0.0,0.0,0.0
610,1,15.5,82.0,1.5,513.0,12.4,0.0,0.0,0.0
470,2,15.2,84.0,0.7,485.0,12.5,0.0,0.0,0.0
328,3,15.0,84.0,1.3,473.0,12.3,0.0,0.0,0.0
188,4,14.8,85.0,0.7,478.0,12.2,0.0,0.0,0.0
265,5,14.4,82.0,1.2,708.0,11.3,0.0,0.0,0.0
646,6,14.3,82.0,0.7,653.0,11.2,0.05,0.0,0.0
1401,7,14.9,71.0,0.9,651.0,9.6,0.47,0.0,0.0
2281,8,16.9,65.0,1.6,896.0,10.2,1.21,0.0,0.0
1277,9,18.8,59.0,1.6,1233.0,10.6,1.9,0.0,0.0
936,10,20.8,54.0,1.2,1129.0,11.1,2.45,0.0,0.0
979,11,22.0,54.0,2.7,1189.0,12.2,2.89,0.0,0.0
1134,12,23.7,44.0,1.3,1624.0,10.7,3.2,0.0,0.0
1151,13,25.0,47.0,2.5,1120.0,12.8,3.34,0.0,0.0
1164,14,25.9,43.0,2.7,1493.0,12.3,2.97,0.0,0.0
1280,15,26.9,37.0,2.7,1850.0,10.9,2.9,0.0,0.0
1550,16,27.3,38.0,2.9,1784.0,11.7,2.41,0.0,0.0
2047,17,27.2,42.0,2.9,1828.0,13.1,1.79,0.0,0.0
3119,18,26.4,42.0,3.1,1995.0,12.4,0.79,0.0,0.0
2534,19,25.2,53.0,3.1,1983.0,0.0,0.51,0.0,0.0
2164,20,23.1,58.0,2.9,1950.0,14.3,0.06,0.0,0.0
2070,21,21.9,60.0,2.5,1551.0,13.7,0.0,0.0,0.0
1900,22,21.1,59.0,2.1,1874.0,12.7,0.0,0.0,0.0
1343,23,20.5,62.0,2.2,1903.0,12.9,0.0,0.0,0.0
1247,0,19.7,83.0,1.5,390.0,16.7,0.0,0.0,0.0
1029,1,19.7,81.0,0.6,419.0,16.3,0.0,0.0,0.0
732,2,19.4,84.0,0.7,382.0,16.6,0.0,0.0,0.0
535,3,19.1,84.0,0.6,421.0,16.3,0.0,0.0,0.0
352,4,19.0,83.0,0.4,473.0,16.0,0.0,0.0,0.0
262,5,19.0,85.0,0.4,467.0,16.4,0.0,0.0,0.0
381,6,19.0,84.0,0.5,440.0,16.2,0.05,0.0,0.0
616,7,20.2,73.0,1.1,708.0,15.1,0.41,0.0,0.0
963,8,21.9,62.0,0.9,1071.0,14.2,1.03,0.0,0.0
1102,9,24.0,55.0,1.8,1411.0,14.3,1.81,0.0,0.0
1156,10,25.8,49.0,1.3,1442.0,14.2,2.42,0.0,0.0
1200,11,27.2,46.0,1.7,1301.0,14.5,2.88,0.0,0.0
1462,12,28.2,42.0,1.4,1563.0,14.0,2.84,0.0,0.0
1583,13,28.8,42.0,2.0,1438.0,14.6,2.38,0.0,0.0
1744,14,30.1,35.0,1.4,1583.0,12.9,2.53,0.0,0.0
1890,15,29.6,40.0,2.5,1546.0,14.5,1.96,0.0,0.0
2297,16,28.7,40.0,2.5,1474.0,13.7,1.0,0.0,0.0
2355,17,28.2,39.0,2.9,1653.0,12.9,0.7,0.0,0.0
1934,18,27.3,42.0,1.2,2000.0,13.2,0.19,0.0,0.0
1058,19,25.7,47.0,1.8,2000.0,13.5,0.04,0.0,0.0
246,20,23.7,62.0,1.6,1402.0,15.9,0.0,0.4,0.0
225,21,22.4,72.0,1.5,1816.0,17.0,0.0,0.1,0.0
776,22,21.0,75.0,1.3,2000.0,16.3,0.0,0.0,0.0
766,23,20.7,66.0,1.6,2000.0,14.1,0.0,0.0,0.0
470,0,18.0,94.0,0.7,1906.0,17.0,0.0,1.0,0.0
454,1,17.7,92.0,0.9,1958.0,16.3,0.0,0.0,0.0
385,2,17.7,87.0,1.2,2000.0,15.5,0.0,0.0,0.0
206,3,17.5,87.0,0.5,1995.0,15.3,0.0,0.0,0.0
144,4,17.5,84.0,0.8,2000.0,14.7,0.0,0.0,0.0
296,5,17.2,87.0,0.6,2000.0,15.0,0.0,0.0,0.0
740,6,16.7,85.0,1.0,2000.0,14.1,0.03,0.0,0.0
1573,7,17.1,77.0,1.5,1748.0,13.0,0.49,0.0,0.0
2495,8,19.0,67.0,1.1,1976.0,12.7,1.29,0.0,0.0
1317,9,21.1,60.0,0.9,1998.0,13.0,2.18,0.0,0.0
971,10,22.1,53.0,1.1,1999.0,12.0,2.28,0.0,0.0
1092,11,22.9,54.0,2.6,1959.0,13.0,2.56,0.0,0.0
1202,12,24.0,51.0,1.8,2000.0,13.2,2.29,0.0,0.0
1215,13,25.7,46.0,0.8,2000.0,13.2,3.18,0.0,0.0
1246,14,25.6,45.0,2.2,1961.0,12.7,1.39,0.0,0.0
1427,15,26.2,42.0,2.7,1977.0,12.2,1.59,0.0,0.0
1714,16,26.2,47.0,3.8,1996.0,13.9,2.45,0.0,0.0
2270,17,26.4,47.0,3.0,1976.0,14.1,1.76,0.0,0.0
3404,18,24.9,53.0,3.6,2000.0,14.6,1.28,0.0,0.0
2873,19,23.1,58.0,2.4,1997.0,14.3,0.59,0.0,0.0
2579,20,21.6,62.0,3.3,2000.0,13.9,0.09,0.0,0.0
2505,21,20.6,70.0,1.8,1986.0,14.9,0.0,0.0,0.0
2309,22,20.0,70.0,1.0,2000.0,14.3,0.0,0.0,0.0
1657,23,19.5,72.0,0.6,1989.0,14.3,0.0,0.0,0.0
1047,0,21.1,69.0,0.5,1086.0,15.1,0.0,0.0,0.0
715,1,20.8,72.0,1.0,912.0,15.5,0.0,0.0,0.0
453,2,20.8,73.0,0.8,829.0,15.7,0.0,0.0,0.0
289,3,20.8,73.0,0.7,756.0,15.7,0.0,0.0,0.0
193,4,21.0,72.0,0.8,677.0,15.7,0.0,0.0,0.0
154,5,20.3,84.0,3.2,518.0,17.5,0.0,0.0,0.0
100,6,19.5,95.0,1.4,179.0,18.6,0.0,1.5,0.0
94,7,19.4,97.0,0.9,272.0,18.9,0.0,13.5,0.0
187,8,18.9,97.0,1.2,492.0,18.4,0.06,11.5,0.0
175,9,19.1,96.0,0.6,273.0,18.4,0.17,1.5,0.0
532,10,19.7,94.0,1.1,497.0,18.7,0.61,1.0,0.0
735,11,20.5,79.0,1.7,770.0,16.7,1.25,0.0,0.0
945,12,21.2,75.0,0.7,876.0,16.5,1.07,0.0,0.0
1056,13,22.8,67.0,1.2,930.0,16.3,1.55,0.0,0.0
1153,14,23.8,62.0,1.2,1282.0,16.0,1.91,0.0,0.0
1292,15,24.6,57.0,1.8,1664.0,15.5,1.54,0.0,0.0
1550,16,25.0,56.0,0.7,1723.0,15.6,1.27,0.0,0.0
1934,17,24.6,57.0,1.0,1866.0,15.5,0.45,0.0,0.0
2962,18,24.0,61.0,1.5,1935.0,16.0,0.26,0.0,0.0
1856,19,23.6,63.0,0.6,1956.0,16.1,0.19,0.0,0.0
1557,20,22.6,74.0,1.2,1594.0,17.7,0.01,0.0,0.0
1807,21,22.2,72.0,1.0,1786.0,16.9,0.0,0.0,0.0
1737,22,21.8,72.0,1.0,1952.0,16.5,0.0,0.0,0.0
1295,23,21.6,68.0,0.8,2000.0,15.4,0.0,0.0,0.0
1083,0,20.0,83.0,2.6,547.0,17.0,0.0,0.0,0.0
794,1,20.1,82.0,1.2,582.0,16.9,0.0,0.0,0.0
539,2,20.2,82.0,0.9,575.0,17.0,0.0,0.0,0.0
394,3,20.0,83.0,1.7,607.0,17.0,0.0,0.0,0.0
215,4,19.6,87.0,1.2,465.0,17.3,0.0,0.0,0.0
308,5,19.4,82.0,2.1,677.0,16.2,0.0,0.0,0.0
709,6,19.5,80.0,1.6,709.0,15.9,0.04,0.0,0.0
1543,7,19.9,74.0,1.7,683.0,15.1,0.21,0.0,0.0
2370,8,21.4,65.0,1.9,821.0,14.5,1.15,0.0,0.0
1360,9,22.7,59.0,2.0,940.0,14.2,1.77,0.0,0.0
922,10,23.9,57.0,2.1,977.0,14.8,2.54,0.0,0.0
1066,11,25.5,57.0,1.8,943.0,16.3,3.01,0.0,0.0
1197,12,26.4,46.0,1.4,1103.0,13.8,3.26,0.0,0.0
1147,13,27.3,33.0,3.4,1921.0,9.6,3.42,0.0,0.0
1152,14,28.0,39.0,2.6,1833.0,12.7,3.14,0.0,0.0
1276,15,28.3,40.0,3.2,1619.0,13.4,2.96,0.0,0.0
1473,16,28.5,42.0,3.1,1622.0,14.3,2.62,0.0,0.0
2176,17,28.4,43.0,3.3,1715.0,14.6,2.04,0.0,0.0
3418,18,27.8,43.0,3.0,1933.0,14.0,1.35,0.0,0.0
2811,19,26.9,42.0,2.4,2000.0,12.8,0.62,0.0,0.0
2556,20,25.1,55.0,2.3,1779.0,15.4,0.08,0.0,0.0
2436,21,23.8,63.0,1.5,1455.0,16.3,0.0,0.0,0.0
2179,22,22.8,67.0,2.1,1042.0,16.3,0.0,0.0,0.0
1497,23,21.9,59.0,2.6,1188.0,13.5,0.0,0.0,0.0
561,0,22.2,84.0,1.1,482.0,19.3,0.0,0.0,0.0
1068,1,22.2,84.0,0.3,610.0,19.3,0.0,0.0,0.0
652,2,22.4,84.0,0.6,667.0,19.5,0.0,0.0,0.0
344,3,22.4,86.0,0.6,618.0,19.9,0.0,0.0,0.0
233,4,22.3,88.0,0.9,298.0,20.2,0.0,0.0,0.0
266,5,22.1,93.0,0.4,333.0,20.9,0.0,0.0,0.0
594,6,22.0,90.0,0.4,373.0,20.2,0.04,0.1,0.0
1391,7,22.7,81.0,0.4,866.0,19.2,0.4,0.0,0.0
2288,8,24.2,73.0,1.0,1581.0,19.0,0.96,0.0,0.0
1246,9,24.8,75.0,1.1,1418.0,20.0,0.63,0.0,0.0
826,10,25.3,70.0,0.6,1386.0,19.4,0.7,0.0,0.0
938,11,26.5,64.0,1.8,1806.0,19.1,1.3,0.0,0.0
1158,12,27.0,68.0,2.0,1863.0,20.5,1.3,0.0,0.0
1040,13,27.2,68.0,1.8,1575.0,20.7,1.1,0.0,0.0
1030,14,27.1,72.0,3.0,1126.0,21.6,0.91,0.0,0.0
1209,15,26.4,76.0,3.7,1370.0,21.8,1.01,0.0,0.0
766,16,25.2,81.0,3.6,961.0,21.6,0.5,0.0,0.0
65,17,22.2,92.0,1.2,254.0,20.8,0.11,4.9,0.0
596,18,20.6,97.0,0.7,222.0,20.1,0.14,21.5,0.0
944,19,20.9,97.0,1.0,1747.0,20.3,0.19,0.0,0.0
1039,20,21.0,96.0,0.1,1431.0,20.3,0.02,0.0,0.0
1223,21,21.3,94.0,0.3,1314.0,20.2,0.0,0.0,0.0
1239,22,21.6,94.0,1.1,766.0,20.5,0.0,0.0,0.0
931,23,21.7,96.0,0.3,293.0,21.0,0.0,0.0,0.0
1075,0,23.5,65.0,1.9,2000.0,16.5,0.0,0.0,0.0
839,1,23.1,66.0,1.6,2000.0,16.3,0.0,0.0,0.0
558,2,22.8,65.0,1.8,2000.0,15.8,0.0,0.0,0.0
403,3,22.6,66.0,1.5,2000.0,15.9,0.0,0.0,0.0
273,4,22.6,66.0,0.9,2000.0,15.9,0.0,0.0,0.0
311,5,22.5,66.0,1.5,2000.0,15.8,0.0,0.0,0.0
723,6,22.4,65.0,1.6,2000.0,15.4,0.01,0.0,0.0
1449,7,22.6,63.0,1.3,2000.0,15.1,0.21,0.0,0.0
2273,8,23.2,60.0,1.7,2000.0,14.9,0.58,0.0,0.0
1318,9,23.3,61.0,1.7,2000.0,15.3,0.8,0.0,0.0
998,10,23.7,59.0,1.7,2000.0,15.2,0.89,0.0,0.0
1024,11,23.9,59.0,2.1,2000.0,15.3,1.08,0.0,0.0
1216,12,25.7,57.0,1.9,2000.0,16.5,2.32,0.0,0.0
1210,13,26.2,53.0,2.1,2000.0,15.8,2.23,0.0,0.0
1209,14,27.0,52.0,2.1,2000.0,16.2,2.51,0.0,0.0
1346,15,26.9,51.0,2.0,2000.0,15.9,1.95,0.0,0.0
1635,16,26.6,54.0,2.3,2000.0,16.5,1.24,0.0,0.0
2282,17,26.6,52.0,2.2,2000.0,15.9,1.02,0.0,0.0
3196,18,25.9,52.0,2.1,2000.0,15.2,0.57,0.0,0.0
2557,19,25.0,52.0,2.2,2000.0,14.4,0.37,0.0,0.0
2223,20,23.8,55.0,2.3,2000.0,14.2,0.05,0.0,0.0
2183,21,23.1,54.0,2.1,2000.0,13.2,0.0,0.0,0.0
1917,22,22.5,54.0,2.1,2000.0,12.7,0.0,0.0,0.0
1458,23,22.0,55.0,1.7,2000.0,12.5,0.0,0.0,0.0
1068,0,25.9,76.0,1.3,984.0,21.3,0.0,0.0,0.0
824,1,25.4,79.0,0.8,924.0,21.4,0.0,0.0,0.0
591,2,24.8,80.0,1.5,888.0,21.1,0.0,0.0,0.0
393,3,24.4,85.0,0.6,678.0,21.7,0.0,0.0,0.0
231,4,24.0,87.0,0.9,582.0,21.6,0.0,0.0,0.0
329,5,23.6,88.0,0.2,604.0,21.4,0.0,0.0,0.0
672,6,23.3,83.0,0.2,875.0,20.2,0.02,0.0,0.0
1315,7,23.6,75.0,0.9,856.0,18.9,0.36,0.0,0.0
1993,8,25.5,65.0,0.9,833.0,18.4,1.1,0.0,0.0
985,9,27.6,62.0,1.5,1043.0,19.6,1.76,0.0,0.0
695,10,29.4,56.0,2.2,1153.0,19.7,2.38,0.0,0.0
687,11,30.7,48.0,1.6,1705.0,18.4,2.92,0.0,0.0
828,12,31.7,42.0,2.6,1868.0,17.2,3.23,0.0,0.0
798,13,32.6,47.0,2.7,1641.0,19.8,3.36,0.0,0.0
722,14,33.1,47.0,2.5,1785.0,20.2,3.26,0.0,0.0
827,15,33.7,41.0,2.5,1924.0,18.6,3.04,0.0,0.0
1017,16,33.7,43.0,2.7,1890.0,19.3,2.55,0.0,0.0
1536,17,34.0,44.0,2.3,1891.0,20.0,1.95,0.0,0.0
2640,18,33.0,51.0,2.4,1566.0,21.5,1.23,0.0,0.0
2245,19,31.6,58.0,2.3,1556.0,22.3,0.56,0.0,0.0
2114,20,29.8,62.0,2.9,1931.0,21.7,0.08,0.0,0.0
2122,21,28.8,69.0,2.4,1619.0,22.5,0.0,0.0,0.0
1870,22,28.0,76.0,1.5,1542.0,23.3,0.0,0.0,0.0
1318,23,27.2,78.0,1.9,1601.0,23.0,0.0,0.0,0.0
939,0,27.7,78.0,1.2,1341.0,23.5,0.0,0.0,0.0
718,1,27.6,79.0,1.0,1261.0,23.6,0.0,0.0,0.0
498,2,27.6,78.0,0.1,1289.0,23.4,0.0,0.0,0.0
355,3,27.7,76.0,0.2,1376.0,23.0,0.0,0.0,0.0
252,4,27.7,75.0,1.0,1360.0,22.8,0.0,0.0,0.0
306,5,27.4,78.0,0.8,1301.0,23.2,0.0,0.0,0.0
602,6,27.4,77.0,0.7,1113.0,23.0,0.0,0.0,0.0
1175,7,27.7,75.0,1.2,1103.0,22.8,0.1,0.0,0.0
1823,8,28.3,72.0,0.8,1165.0,22.7,0.34,0.0,0.0
966,9,29.1,69.0,1.0,853.0,22.8,0.67,0.0,0.0
644,10,29.5,68.0,1.8,946.0,22.9,0.54,0.0,0.0
614,11,30.2,67.0,1.5,1003.0,23.3,0.87,0.0,0.0
600,12,32.0,57.0,1.6,1075.0,22.4,1.94,0.0,0.0
628,13,32.4,54.0,0.7,896.0,21.8,1.41,0.0,0.0
706,14,33.0,56.0,2.5,879.0,23.0,1.33,0.0,0.0
774,15,33.1,58.0,1.9,882.0,23.7,0.87,0.0,0.0
920,16,33.5,57.0,2.8,989.0,23.8,1.55,0.0,0.0
1394,17,33.1,59.0,2.9,1038.0,24.0,1.14,0.0,0.0
2367,18,33.2,59.0,1.8,1069.0,24.0,0.99,0.0,0.0
1994,19,32.3,63.0,2.1,1037.0,24.3,0.41,0.0,0.0
1790,20,31.0,68.0,1.4,1162.0,24.3,0.05,0.0,0.0
1868,21,30.0,74.0,2.7,1056.0,24.8,0.0,0.0,0.0
1709,22,29.4,78.0,1.6,1011.0,25.1,0.0,0.0,0.0
1273,23,29.0,79.0,1.2,971.0,24.9,0.0,0.0,0.0
850,0,31.9,67.0,1.5,1550.0,25.0,0.0,0.0,0.0
647,1,31.5,69.0,1.5,1512.0,25.1,0.0,0.0,0.0
459,2,31.5,68.0,0.0,1504.0,24.8,0.0,0.0,0.0
295,3,31.1,70.0,0.4,1449.0,24.9,0.0,0.0,0.0
215,4,31.1,54.0,1.9,2000.0,20.6,0.0,0.0,0.0
265,5,30.7,57.0,0.9,2000.0,21.1,0.0,0.0,0.0
578,6,30.4,54.0,1.3,2000.0,20.0,0.01,0.0,0.0
1006,7,30.5,53.0,1.1,2000.0,19.8,0.22,0.0,0.0
1579,8,31.6,50.0,1.1,1943.0,19.9,0.76,0.0,0.0
813,9,32.9,49.0,1.8,1843.0,20.7,1.53,0.0,0.0
549,10,34.4,46.0,2.0,1880.0,21.1,1.94,0.0,0.0
547,11,35.3,45.0,1.7,1829.0,21.5,2.27,0.0,0.0
562,12,36.6,41.0,2.0,1866.0,21.2,2.58,0.0,0.0
550,13,36.7,44.0,1.4,1765.0,22.4,1.9,0.0,0.0
535,14,37.3,40.0,1.8,1666.0,21.4,1.52,0.0,0.0
605,15,36.6,44.0,1.5,1771.0,22.3,1.13,0.0,0.0
676,16,37.9,39.0,1.6,1757.0,21.5,1.76,0.0,0.0
1066,17,37.4,44.0,2.3,1829.0,23.0,1.49,0.0,0.0
1881,18,36.7,47.0,2.5,1803.0,23.5,0.99,0.0,0.0
1605,19,35.2,52.0,2.3,1754.0,23.8,0.44,0.0,0.0
1480,20,33.9,58.0,2.4,1519.0,24.4,0.04,0.0,0.0
1535,21,33.3,63.0,1.2,1304.0,25.2,0.0,0.0,0.0
1375,22,32.9,64.0,1.0,1088.0,25.1,0.0,0.0,0.0
1020,23,32.4,64.0,1.7,1153.0,24.7,0.0,0.0,0.0
763,0,32.1,67.0,1.1,1077.0,25.1,0.0,0.0,0.0
675,1,31.7,68.0,0.3,1103.0,25.0,0.0,0.0,0.0
443,2,31.5,68.0,0.3,1001.0,24.8,0.0,0.0,0.0
327,3,31.2,68.0,1.4,968.0,24.5,0.0,0.0,0.0
236,4,31.0,73.0,0.5,990.0,25.5,0.0,0.0,0.0
266,5,30.5,72.0,0.5,1084.0,24.8,0.0,0.0,0.0
544,6,30.5,62.0,1.3,1583.0,22.3,0.01,0.0,0.0
937,7,30.8,58.0,1.6,1777.0,21.5,0.22,0.0,0.0
1471,8,31.8,55.0,1.3,1537.0,21.6,0.78,0.0,0.0
784,9,33.0,50.0,1.7,1722.0,21.1,1.49,0.0,0.0
530,10,34.3,48.0,2.5,1822.0,21.7,2.12,0.0,0.0
575,11,35.7,42.0,1.6,1727.0,20.7,2.56,0.0,0.0
585,12,36.8,41.0,2.1,1759.0,21.3,2.53,0.0,0.0
585,13,36.8,44.0,1.8,1625.0,22.5,1.79,0.0,0.0
575,14,37.4,40.0,2.8,1519.0,21.5,2.03,0.0,0.0
600,15,37.4,44.0,3.2,1499.0,23.0,2.71,0.0,0.0
763,16,36.7,44.0,3.5,1666.0,22.4,2.16,0.0,0.0
1105,17,35.8,49.0,3.9,1633.0,23.4,1.52,0.0,0.0
1920,18,34.4,53.0,3.3,1650.0,23.4,0.8,0.0,0.0
1558,19,33.5,54.0,2.7,1871.0,22.9,0.35,0.0,0.0
1517,20,32.2,58.0,1.9,1673.0,22.8,0.02,0.0,0.0
1511,21,31.2,63.0,1.7,1537.0,23.3,0.0,0.0,0.0
1421,22,30.6,64.0,1.2,1705.0,23.0,0.0,0.0,0.0
1103,23,30.2,62.0,0.8,1708.0,22.1,0.0,0.0,0.0
1022,0,29.8,63.0,2.0,2000.0,21.9,0.0,0.0,0.0
881,1,29.0,67.0,1.1,2000.0,22.2,0.0,0.0,0.0
691,2,28.5,68.0,1.1,1839.0,22.0,0.0,0.0,0.0
441,3,27.9,69.0,0.8,2000.0,21.6,0.0,0.0,0.0
266,4,27.4,69.0,1.0,2000.0,21.2,0.0,0.0,0.0
263,5,26.9,69.0,0.7,2000.0,20.7,0.0,0.0,0.0
355,6,26.5,69.0,0.8,2000.0,20.3,0.0,0.0,0.0
425,7,26.7,67.0,0.8,2000.0,20.0,0.13,0.0,0.0
647,8,28.0,60.0,1.0,2000.0,19.5,0.91,0.0,0.0
672,9,29.7,58.0,1.3,1955.0,20.5,1.68,0.0,0.0
643,10,31.3,53.0,1.8,2000.0,20.5,2.34,0.0,0.0
766,11,31.5,54.0,2.5,1918.0,21.0,1.78,0.0,0.0
759,12,33.2,50.0,2.3,2000.0,21.3,2.84,0.0,0.0
830,13,34.1,45.0,1.5,1993.0,20.4,2.57,0.0,0.0
733,14,34.5,43.0,2.6,2000.0,20.0,2.37,0.0,0.0
694,15,35.0,41.0,1.5,2000.0,19.7,2.4,0.0,0.0
826,16,35.6,39.0,2.7,2000.0,19.5,1.81,0.0,0.0
1006,17,35.8,36.0,2.2,2000.0,18.3,1.58,0.0,0.0
1274,18,34.4,40.0,1.8,2000.0,18.8,0.65,0.0,0.0
1482,19,33.8,44.0,2.2,2000.0,19.8,0.3,0.0,0.0
1469,20,32.8,47.0,1.9,2000.0,19.9,0.01,0.0,0.0
1437,21,31.6,63.0,1.2,1980.0,23.6,0.0,0.0,0.0
1351,22,31.3,53.0,2.3,2000.0,20.5,0.0,0.0,0.0
1076,23,30.7,55.0,1.5,2000.0,20.6,0.0,0.0,0.0
808,0,28.4,68.0,0.9,2000.0,21.9,0.0,0.0,0.0
535,1,28.2,70.0,1.0,2000.0,22.2,0.0,0.0,0.0
381,2,28.1,68.0,0.8,2000.0,21.6,0.0,0.0,0.0
252,3,27.9,68.0,0.6,2000.0,21.4,0.0,0.0,0.0
173,4,27.8,69.0,0.9,2000.0,21.5,0.0,0.0,0.0
263,5,28.0,66.0,0.5,2000.0,21.0,0.0,0.0,0.0
631,6,27.5,72.0,1.1,2000.0,21.9,0.0,0.0,0.0
1105,7,27.6,71.0,1.2,2000.0,21.8,0.14,0.0,0.0
1660,8,28.2,68.0,1.3,2000.0,21.7,0.41,0.0,0.0
876,9,30.6,55.0,1.1,2000.0,20.5,1.46,0.0,0.0
612,10,31.9,51.0,2.2,1939.0,20.4,2.04,0.0,0.0
672,11,33.5,48.0,2.4,1968.0,20.9,2.71,0.0,0.0
668,12,34.5,44.0,2.2,2000.0,20.4,3.19,0.0,0.0
652,13,35.1,39.0,2.0,2000.0,19.0,3.45,0.0,0.0
638,14,35.3,40.0,2.0,2000.0,19.6,3.17,0.0,0.0
720,15,35.0,38.0,2.0,2000.0,18.5,2.8,0.0,0.0
902,16,34.5,37.0,1.9,2000.0,17.6,2.36,0.0,0.0
1384,17,33.8,37.0,2.2,2000.0,17.0,1.74,0.0,0.0
2481,18,32.4,40.0,2.1,2000.0,17.0,1.04,0.0,0.0
2286,19,29.8,45.0,2.5,2000.0,16.5,0.36,0.0,0.0
2114,20,27.9,47.0,1.9,2000.0,15.5,0.01,0.0,0.0
2127,21,26.8,46.0,2.0,2000.0,14.2,0.0,0.0,0.0
1943,22,25.9,45.0,2.1,2000.0,13.0,0.0,0.0,0.0
1446,23,25.0,44.0,2.2,2000.0,11.8,0.0,0.0,0.0
908,0,30.7,52.0,1.3,2000.0,19.7,0.0,0.0,0.0
745,1,30.1,54.0,0.8,2000.0,19.7,0.0,0.0,0.0
492,2,29.8,53.0,1.4,2000.0,19.1,0.0,0.0,0.0
304,3,29.7,52.0,1.4,2000.0,18.7,0.0,0.0,0.0
168,4,29.3,54.0,1.0,2000.0,19.0,0.0,0.0,0.0
185,5,28.5,57.0,0.9,2000.0,19.1,0.0,0.1,0.0
492,6,28.3,55.0,1.5,2000.0,18.3,0.0,0.0,0.0
720,7,28.3,55.0,1.1,2000.0,18.3,0.03,0.0,0.0
1678,8,28.1,58.0,1.3,2000.0,19.0,0.14,0.0,0.0
924,9,29.3,54.0,1.5,2000.0,19.0,0.82,0.0,0.0
551,10,30.2,52.0,1.8,2000.0,19.2,0.93,0.0,0.0
711,11,29.9,57.0,1.7,1992.0,20.4,0.88,0.1,0.0
769,12,31.9,49.0,1.9,2000.0,19.8,1.85,0.0,0.0
584,13,31.0,53.0,1.9,2000.0,20.2,0.79,0.0,0.0
740,14,30.5,59.0,2.0,2000.0,21.5,0.84,0.1,0.0
837,15,32.0,53.0,2.1,1992.0,21.2,1.57,0.0,0.0
944,16,31.7,56.0,1.9,2000.0,21.8,0.92,0.0,0.0
1249,17,30.8,59.0,2.2,2000.0,21.8,0.41,0.0,0.0
1447,18,30.6,55.0,2.3,2000.0,20.5,0.11,0.0,0.0
582,19,30.0,59.0,2.2,1970.0,21.1,0.01,0.0,0.0
257,20,29.2,62.0,2.1,1952.0,21.1,0.0,0.1,0.0
189,21,27.8,72.0,2.0,2000.0,22.2,0.0,0.1,0.0
215,22,26.6,84.0,1.7,1815.0,23.6,0.0,1.5,0.0
267,23,26.1,84.0,1.9,1801.0,23.1,0.0,0.5,0.0
214,0,24.7,94.0,2.8,1270.0,23.6,0.0,0.0,0.0
99,1,24.9,92.0,2.2,1125.0,23.5,0.0,0.5,0.0
80,2,24.7,96.0,1.0,337.0,24.0,0.0,6.5,0.0
81,3,24.1,97.0,2.5,1989.0,23.5,0.0,1.5,0.0
42,4,23.9,96.0,0.4,1797.0,23.2,0.0,0.0,0.0
73,5,24.0,97.0,0.9,1347.0,23.4,0.0,0.5,0.0
285,6,24.2,96.0,1.6,1206.0,23.5,0.0,0.0,0.0
771,7,24.3,96.0,1.4,1025.0,23.6,0.04,0.0,0.0
1330,8,24.6,96.0,1.0,883.0,23.9,0.19,0.0,0.0
846,9,25.0,92.0,1.1,782.0,23.6,0.39,0.0,0.0
589,10,26.1,81.0,1.5,860.0,22.5,1.05,0.0,0.0
716,11,26.2,82.0,2.6,834.0,22.8,0.59,0.0,0.0
768,12,27.0,74.0,2.5,915.0,21.9,0.94,0.0,0.0
865,13,28.2,66.0,2.2,1006.0,21.2,1.81,0.0,0.0
837,14,27.5,66.0,2.8,989.0,20.5,0.76,0.0,0.0
982,15,27.2,69.0,3.5,963.0,21.0,0.95,0.0,0.0
1142,16,27.6,68.0,2.1,1038.0,21.1,1.46,0.0,0.0
1473,17,26.8,73.0,2.6,916.0,21.5,0.37,0.0,0.0
1887,18,26.1,72.0,2.4,1066.0,20.6,0.19,0.0,0.0
1707,19,25.1,74.0,2.1,1105.0,20.1,0.0,0.5,0.0
1685,20,24.9,70.0,1.2,1377.0,19.0,0.0,0.0,0.0
1732,21,24.8,72.0,1.4,1298.0,19.4,0.0,0.0,0.0
1582,22,24.6,71.0,1.5,1319.0,18.9,0.0,0.0,0.0
1173,23,24.3,71.0,0.8,1549.0,18.6,0.0,0.0,0.0
1107,0,19.2,53.0,3.7,2000.0,9.3,0.0,0.0,0.0
1001,1,18.9,55.0,2.3,2000.0,9.6,0.0,0.0,0.0
692,2,18.5,57.0,2.3,2000.0,9.8,0.0,0.0,0.0
504,3,17.8,60.0,0.2,2000.0,9.9,0.0,0.0,0.0
285,4,17.2,66.0,0.6,2000.0,10.7,0.0,0.0,0.0
227,5,16.7,70.0,0.8,2000.0,11.1,0.0,0.0,0.0
322,6,16.2,70.0,0.3,2000.0,10.7,0.0,0.0,0.0
511,7,16.0,70.0,1.1,2000.0,10.5,0.11,0.0,0.0
827,8,17.1,57.0,1.0,1979.0,8.5,0.76,0.0,0.0
956,9,19.9,51.0,0.6,1906.0,9.4,1.46,0.0,0.0
1096,10,22.2,43.0,0.9,1891.0,9.0,2.09,0.0,0.0
1179,11,24.2,41.0,1.5,1818.0,10.1,2.62,0.0,0.0
1273,12,25.2,36.0,2.4,1995.0,9.0,2.93,0.0,0.0
1505,13,26.1,32.0,3.0,1985.0,8.1,3.06,0.0,0.0
1554,14,26.8,31.0,2.8,2000.0,8.2,2.96,0.0,0.0
1792,15,26.9,33.0,2.9,1997.0,9.2,2.65,0.0,0.0
1943,16,27.7,32.0,1.4,2000.0,9.4,2.05,0.0,0.0
2167,17,27.2,35.0,1.7,2000.0,10.3,1.32,0.0,0.0
2255,18,25.7,38.0,1.5,2000.0,10.3,0.64,0.0,0.0
1978,19,24.0,41.0,1.9,2000.0,9.9,0.1,0.0,0.0
1944,20,22.8,45.0,2.0,2000.0,10.2,0.0,0.0,0.0
1878,21,22.1,49.0,1.7,2000.0,10.8,0.0,0.0,0.0
1675,22,21.5,51.0,2.0,2000.0,10.9,0.0,0.0,0.0
1142,23,20.7,52.0,1.4,2000.0,10.4,0.0,0.0,0.0
968,0,21.9,62.0,1.0,1822.0,14.2,0.0,0.0,0.0
736,1,21.5,65.0,1.0,2000.0,14.6,0.0,0.0,0.0
437,2,21.2,66.0,0.8,2000.0,14.5,0.0,0.0,0.0
304,3,20.9,68.0,1.7,2000.0,14.7,0.0,0.0,0.0
240,4,20.7,69.0,1.3,2000.0,14.8,0.0,0.0,0.0
248,5,20.5,70.0,1.2,2000.0,14.8,0.0,0.0,0.0
655,6,20.3,71.0,1.6,2000.0,14.8,0.0,0.0,0.0
1448,7,20.5,69.0,1.4,2000.0,14.6,0.03,0.0,0.0
2329,8,20.9,68.0,1.3,2000.0,14.7,0.18,0.0,0.0
1322,9,21.8,64.0,1.6,2000.0,14.6,0.52,0.0,0.0
915,10,22.7,61.0,0.9,2000.0,14.7,0.82,0.0,0.0
972,11,23.5,61.0,1.2,2000.0,15.5,0.95,0.0,0.0
1119,12,24.3,59.0,1.5,2000.0,15.7,1.12,0.0,0.0
1014,13,25.1,56.0,2.0,1964.0,15.6,1.41,0.0,0.0
1097,14,27.2,49.0,1.5,1945.0,15.5,2.54,0.0,0.0
1200,15,27.8,49.0,1.4,1963.0,16.1,1.97,0.0,0.0
1436,16,28.2,48.0,1.4,1995.0,16.1,1.7,0.0,0.0
2021,17,27.9,51.0,1.4,2000.0,16.8,1.19,0.0,0.0
3146,18,26.7,56.0,1.8,2000.0,17.1,0.47,0.0,0.0
2365,19,25.4,61.0,0.6,2000.0,17.3,0.03,0.0,0.0
2003,20,24.6,62.0,0.9,2000.0,16.8,0.0,0.0,0.0
2000,21,23.8,67.0,0.6,2000.0,17.2,0.0,0.0,0.0
1713,22,22.8,70.0,1.0,2000.0,17.0,0.0,0.0,0.0
1303,23,22.4,73.0,0.3,1980.0,17.3,0.0,0.0,0.0
886,0,20.1,58.0,0.3,2000.0,11.5,0.0,0.0,0.0
761,1,20.0,59.0,1.1,1999.0,11.7,0.0,0.0,0.0
524,2,19.9,64.0,1.5,1755.0,12.8,0.0,0.0,0.0
294,3,19.6,72.0,1.7,1140.0,14.4,0.0,0.0,0.0
241,4,19.6,74.0,1.4,847.0,14.8,0.0,0.0,0.0
137,5,19.5,74.0,1.8,1421.0,14.7,0.0,0.0,0.0
47,6,18.8,85.0,1.4,412.0,16.2,0.0,0.5,0.0
130,7,18.0,95.0,1.6,375.0,17.1,0.0,1.5,0.0
299,8,18.0,91.0,1.3,896.0,16.5,0.11,0.5,0.0
89,9,18.2,93.0,1.4,572.0,17.0,0.18,1.0,0.0
87,10,18.4,91.0,1.2,394.0,16.8,0.25,0.5,0.0
111,11,18.8,95.0,1.5,597.0,17.9,0.46,0.0,0.0
180,12,19.0,91.0,1.7,965.0,17.4,0.67,0.5,0.0
301,13,18.9,89.0,2.6,586.0,17.0,0.58,0.0,0.0
573,14,19.3,83.0,2.3,2000.0,16.3,0.83,0.5,0.0
696,15,19.4,79.0,1.4,2000.0,15.6,0.33,0.0,0.0
912,16,19.5,75.0,2.1,2000.0,14.9,0.38,0.0,0.0
1290,17,19.3,76.0,2.1,2000.0,14.9,0.21,0.0,0.0
1786,18,19.1,77.0,2.5,2000.0,14.9,0.08,0.0,0.0
1272,19,18.9,78.0,2.2,2000.0,14.9,0.0,0.0,0.0
898,20,19.1,77.0,2.2,1834.0,14.9,0.0,0.0,0.0
784,21,18.7,84.0,2.7,1744.0,15.9,0.0,0.0,0.0
1049,22,18.4,85.0,2.1,1772.0,15.8,0.0,0.0,0.0
935,23,18.7,80.0,1.7,2000.0,15.1,0.0,0.0,0.0
770,0,16.7,50.0,1.7,2000.0,6.2,0.0,0.0,0.0
488,1,16.1,53.0,1.4,2000.0,6.5,0.0,0.0,0.0
326,2,15.7,53.0,1.4,2000.0,6.1,0.0,0.0,0.0
178,3,14.9,57.0,1.1,2000.0,6.4,0.0,0.0,0.0
151,4,14.4,58.0,1.1,2000.0,6.2,0.0,0.0,0.0
207,5,13.9,60.0,0.6,2000.0,6.2,0.0,0.0,0.0
589,6,13.4,61.0,0.8,2000.0,6.0,0.0,0.0,0.0
1364,7,13.2,60.0,0.5,2000.0,5.5,0.02,0.0,0.0
2129,8,14.8,51.0,1.1,2000.0,4.7,0.59,0.0,0.0
1120,9,17.7,48.0,1.5,2000.0,6.5,1.3,0.0,0.0
907,10,19.9,47.0,1.8,1989.0,8.2,1.93,0.0,0.0
1019,11,21.3,43.0,1.7,1998.0,8.2,2.42,0.0,0.0
1189,12,23.2,42.0,1.4,2000.0,9.5,2.73,0.0,0.0
1191,13,23.0,39.0,1.7,2000.0,8.2,2.28,0.0,0.0
1305,14,24.6,34.0,1.5,2000.0,7.6,2.74,0.0,0.0
1404,15,23.4,35.0,1.4,2000.0,7.0,1.39,0.0,0.0
1636,16,23.6,31.0,1.1,2000.0,5.4,1.37,0.0,0.0
2189,17,24.3,31.0,1.5,2000.0,6.0,1.17,0.0,0.0
3154,18,22.5,38.0,0.8,2000.0,7.4,0.31,0.0,0.0
2422,19,20.6,44.0,0.7,2000.0,7.9,0.01,0.0,0.0
2098,20,19.5,47.0,1.2,2000.0,7.8,0.0,0.0,0.0
1930,21,18.7,48.0,1.3,2000.0,7.4,0.0,0.0,0.0
1801,22,17.9,50.0,1.0,2000.0,7.3,0.0,0.0,0.0
1222,23,17.7,51.0,1.4,2000.0,7.4,0.0,0.0,0.0
973,0,19.0,64.0,1.9,2000.0,12.0,0.0,0.0,0.0
735,1,18.6,66.0,1.7,2000.0,12.1,0.0,0.0,0.0
515,2,18.2,64.0,2.0,2000.0,11.2,0.0,0.0,0.0
329,3,18.0,61.0,1.8,2000.0,10.3,0.0,0.0,0.0
221,4,17.7,57.0,1.3,2000.0,9.0,0.0,0.0,0.0
223,5,17.6,57.0,1.1,2000.0,8.9,0.0,0.0,0.0
531,6,17.7,55.0,1.5,2000.0,8.5,0.0,0.0,0.0
282,7,17.7,56.0,1.3,2000.0,8.8,0.0,0.0,0.0
208,8,16.9,72.0,1.3,2000.0,11.8,0.04,0.3,0.0
47,9,16.3,85.0,1.8,942.0,13.7,0.13,1.2,0.0
33,10,15.8,89.0,1.8,742.0,13.9,0.18,1.5,0.0
29,11,16.1,89.0,2.4,1112.0,14.2,0.4,1.5,0.0
23,12,16.6,90.0,1.7,518.0,14.9,0.51,2.0,0.0
22,13,16.9,95.0,1.6,325.0,16.0,0.48,4.0,0.0
17,14,17.2,95.0,1.6,553.0,16.3,0.48,2.5,0.0
8,15,17.2,96.0,0.6,213.0,16.5,0.26,4.0,0.0
28,16,17.1,97.0,1.7,382.0,16.6,0.15,6.0,0.0
66,17,16.9,97.0,2.1,728.0,16.4,0.08,5.5,0.0
74,18,16.7,96.0,1.6,1461.0,16.0,0.03,1.0,0.0
55,19,16.6,96.0,2.4,1072.0,15.9,0.0,1.5,0.0
44,20,16.5,96.0,2.7,1047.0,15.8,0.0,1.0,0.0
32,21,16.5,96.0,2.2,963.0,15.8,0.0,1.5,0.0
23,22,16.2,92.0,2.6,1771.0,14.8,0.0,1.5,0.0
4,23,16.3,91.0,1.8,1811.0,14.8,0.0,0.5,0.0
694,0,9.2,64.0,0.7,2000.0,2.7,0.0,0.0,0.0
579,1,9.0,66.0,0.7,2000.0,2.9,0.0,0.0,0.0
385,2,8.7,71.0,0.8,2000.0,3.7,0.0,0.0,0.0
244,3,8.6,74.0,0.6,1985.0,4.2,0.0,0.0,0.0
165,4,8.1,78.0,0.6,2000.0,4.4,0.0,0.0,0.0
185,5,7.8,81.0,1.1,2000.0,4.7,0.0,0.0,0.0
458,6,7.6,82.0,0.3,1933.0,4.7,0.0,0.0,0.0
1191,7,7.7,81.0,0.4,1992.0,4.6,0.0,0.0,0.0
2154,8,8.5,77.0,0.5,1995.0,4.6,0.21,0.0,0.0
1165,9,10.9,60.0,0.9,1997.0,3.4,0.93,0.0,0.0
864,10,13.7,57.0,1.2,2000.0,5.3,1.33,0.0,0.0
917,11,15.0,52.0,1.4,2000.0,5.2,1.5,0.0,0.0
1132,12,16.8,50.0,1.6,2000.0,6.3,1.94,0.0,0.0
1152,13,18.1,43.0,2.2,2000.0,5.3,2.3,0.0,0.0
1122,14,18.7,39.0,1.3,2000.0,4.4,1.66,0.0,0.0
1203,15,19.0,38.0,1.9,2000.0,4.3,1.72,0.0,0.0
1473,16,18.5,40.0,1.8,2000.0,4.6,1.28,0.0,0.0
1804,17,16.9,44.0,1.6,2000.0,4.5,0.44,0.0,0.0
2499,18,15.7,45.0,2.5,2000.0,3.7,0.06,0.0,0.0
1878,19,14.9,49.0,2.1,2000.0,4.2,0.0,0.0,0.0
1528,20,13.8,56.0,1.9,2000.0,5.1,0.0,0.0,0.0
1466,21,12.6,60.0,0.5,2000.0,5.0,0.0,0.0,0.0
1302,22,11.6,61.0,0.2,2000.0,4.3,0.0,0.0,0.0
944,23,10.9,64.0,0.2,2000.0,4.3,0.0,0.0,0.0
729,0,10.5,75.0,0.3,1800.0,6.2,0.0,0.0,0.0
572,1,10.0,78.0,0.4,1669.0,6.3,0.0,0.0,0.0
421,2,9.1,79.0,0.5,1625.0,5.6,0.0,0.0,0.0
266,3,9.1,79.0,0.2,1689.0,5.6,0.0,0.0,0.0
161,4,8.5,83.0,1.2,1577.0,5.7,0.0,0.0,0.0
193,5,7.8,85.0,0.9,1542.0,5.4,0.0,0.0,0.0
450,6,7.5,86.0,1.3,1301.0,5.3,0.0,0.0,0.0
1251,7,7.3,85.0,1.4,1039.0,4.9,0.0,0.0,0.0
2070,8,7.9,76.0,1.2,1290.0,3.9,0.25,0.0,0.0
1168,9,10.3,64.0,1.0,1544.0,3.7,0.91,0.0,0.0
779,10,13.4,53.0,1.1,1768.0,4.0,1.53,0.0,0.0
956,11,16.4,43.0,0.7,1713.0,3.7,1.96,0.0,0.0
1188,12,18.2,37.0,1.4,1861.0,3.2,2.25,0.0,0.0
1154,13,19.4,32.0,1.1,1787.0,2.2,2.31,0.0,0.0
1192,14,20.6,31.0,1.4,1562.0,2.8,1.7,0.0,0.0
1275,15,20.6,32.0,1.4,1651.0,3.3,1.4,0.0,0.0
1528,16,20.4,32.0,0.9,1720.0,3.1,0.84,0.0,0.0
1961,17,19.2,36.0,0.7,1643.0,3.7,0.38,0.0,0.0
2632,18,17.3,39.0,1.3,1641.0,3.1,0.03,0.0,0.0
1968,19,16.4,47.0,1.0,1694.0,5.0,0.0,0.0,0.0
1596,20,15.3,50.0,0.5,1647.0,4.9,0.0,0.0,0.0
1513,21,14.5,50.0,0.7,1741.0,4.1,0.0,0.0,0.0
1316,22,13.6,56.0,1.0,1611.0,4.9,0.0,0.0,0.0
919,23,12.5,59.0,0.8,1602.0,4.6,0.0,0.0,0.0
584,0,5.7,62.0,2.3,1909.0,-1.0,0.0,0.0,0.0
524,1,5.1,65.0,1.6,1932.0,-0.9,0.0,0.0,0.0
362,2,4.4,64.0,1.4,2000.0,-1.8,0.0,0.0,0.0
242,3,4.2,65.0,0.7,1962.0,-1.8,0.0,0.0,0.0
147,4,3.6,70.0,0.8,1934.0,-1.3,0.0,0.0,0.0
154,5,3.3,72.0,0.0,1946.0,-1.2,0.0,0.0,0.0
433,6,2.9,75.0,0.2,1761.0,-1.1,0.0,0.0,0.0
1055,7,2.5,75.0,0.5,1763.0,-1.4,0.0,0.0,0.0
1899,8,2.8,74.0,0.9,1366.0,-1.3,0.13,0.0,0.0
1011,9,4.7,60.0,0.9,1219.0,-2.4,0.82,0.0,0.0
696,10,8.1,51.0,0.7,1100.0,-1.4,1.38,0.0,0.0
852,11,11.1,46.0,1.6,1518.0,-0.1,1.84,0.0,0.0
926,12,12.6,36.0,2.6,1785.0,-2.1,2.14,0.0,0.0
968,13,13.6,32.0,1.8,1814.0,-2.8,2.22,0.0,0.0
1040,14,14.9,31.0,2.5,1872.0,-2.1,2.06,0.0,0.0
1094,15,14.8,30.0,2.7,1990.0,-2.6,1.71,0.0,0.0
1206,16,14.7,32.0,2.0,1934.0,-1.8,1.13,0.0,0.0
1569,17,13.7,37.0,1.4,2000.0,-0.7,0.49,0.0,0.0
2254,18,11.8,43.0,1.3,1995.0,-0.3,0.03,0.0,0.0
1561,19,10.5,49.0,1.2,1965.0,0.2,0.0,0.0,0.0
1269,20,9.9,53.0,1.7,1868.0,0.7,0.0,0.0,0.0
1197,21,9.3,54.0,1.1,1975.0,0.4,0.0,0.0,0.0
1115,22,8.3,61.0,0.2,1809.0,1.2,0.0,0.0,0.0
806,23,7.8,63.0,0.4,1547.0,1.1,0.0,0.0,0.0
754,0,11.3,77.0,0.9,433.0,7.4,0.0,0.0,0.0
679,1,11.2,78.0,1.1,467.0,7.4,0.0,0.0,0.0
568,2,10.7,80.0,0.6,409.0,7.3,0.0,0.0,0.0
372,3,10.3,81.0,0.7,361.0,7.1,0.0,0.0,0.0
223,4,9.5,87.0,0.6,266.0,7.4,0.0,0.0,0.0
137,5,9.4,87.0,0.8,279.0,7.3,0.0,0.0,0.0
167,6,9.5,85.0,0.6,304.0,7.0,0.0,0.0,0.0
309,7,9.5,86.0,0.6,293.0,7.2,0.0,0.0,0.0
589,8,9.3,85.0,0.3,313.0,6.9,0.07,0.0,0.0
628,9,10.1,77.0,0.0,350.0,6.2,0.45,0.0,0.0
699,10,12.2,73.0,1.9,374.0,7.4,0.92,0.0,0.0
768,11,13.8,63.0,2.2,416.0,6.8,1.32,0.0,0.0
1034,12,15.1,54.0,2.2,495.0,5.8,1.91,0.0,0.0
1094,13,15.9,48.0,2.7,538.0,4.8,1.87,0.0,0.0
1113,14,17.1,39.0,2.0,781.0,3.0,1.85,0.0,0.0
1229,15,16.6,36.0,2.5,808.0,1.4,1.45,0.0,0.0
1263,16,16.0,37.0,1.9,984.0,1.2,0.94,0.0,0.0
1379,17,14.8,47.0,1.3,787.0,3.5,0.35,0.0,0.0
1226,18,13.2,57.0,2.2,618.0,4.8,0.01,0.0,0.0
957,19,12.1,67.0,1.5,430.0,6.1,0.0,0.0,0.0
877,20,11.3,74.0,1.2,350.0,6.8,0.0,0.0,0.0
847,21,10.8,78.0,1.0,303.0,7.1,0.0,0.0,0.0
885,22,10.6,81.0,1.2,281.0,7.4,0.0,0.0,0.0
676,23,10.3,84.0,1.3,250.0,7.7,0.0,0.0,0.0
610,0,7.7,67.0,0.4,1102.0,1.9,0.0,0.0,0.0
489,1,7.3,64.0,0.3,1150.0,0.9,0.0,0.0,0.0
313,2,7.1,68.0,0.6,1082.0,1.5,0.0,0.0,0.0
219,3,6.5,75.0,1.1,970.0,2.3,0.0,0.0,0.0
154,4,6.1,72.0,0.5,1052.0,1.4,0.0,0.0,0.0
172,5,5.3,78.0,1.4,952.0,1.7,0.0,0.0,0.0
357,6,4.9,76.0,1.1,800.0,1.0,0.0,0.0,0.0
883,7,4.8,76.0,0.7,762.0,0.9,0.0,0.0,0.0
1686,8,5.3,75.0,1.0,808.0,1.2,0.1,0.0,0.0
1300,9,6.8,64.0,1.0,949.0,0.4,0.5,0.0,0.0
782,10,8.6,57.0,0.6,1102.0,0.5,0.77,0.0,0.0
770,11,11.1,47.0,1.2,1047.0,0.1,1.48,0.0,0.0
942,12,13.8,43.0,0.9,987.0,1.4,1.61,0.0,0.0
883,13,15.1,37.0,1.9,990.0,0.4,1.74,0.0,0.0
899,14,15.1,33.0,1.5,1045.0,-1.0,1.31,0.0,0.0
971,15,16.1,30.0,1.0,1125.0,-1.5,1.06,0.0,0.0
1123,16,15.4,34.0,1.4,1016.0,-0.4,0.68,0.0,0.0
1416,17,13.7,38.0,1.4,884.0,-0.3,0.29,0.0,0.0
2034,18,12.1,46.0,1.4,799.0,0.8,0.01,0.0,0.0
1448,19,11.2,46.0,1.4,869.0,0.0,0.0,0.0,0.0
1146,20,9.5,49.0,1.3,918.0,-0.7,0.0,0.0,0.0
1123,21,9.6,52.0,1.3,906.0,0.2,0.0,0.0,0.0
1061,22,8.7,53.0,0.4,764.0,-0.3,0.0,0.0,0.0
721,23,8.1,57.0,0.7,752.0,0.0,0.0,0.0,0.0
443,0,3.1,42.0,3.4,1995.0,-8.5,0.0,0.0,0.0
382,1,2.1,39.0,3.2,1299.0,-10.4,0.0,0.0,0.0
271,2,1.3,44.0,1.9,2000.0,-9.6,0.0,0.0,0.0
164,3,0.6,42.0,1.1,2000.0,-10.8,0.0,0.0,0.0
121,4,0.5,39.0,1.6,2000.0,-11.8,0.0,0.0,0.0
133,5,-0.4,39.0,0.8,2000.0,-12.6,0.0,0.0,0.0
332,6,-1.0,41.0,0.7,2000.0,-12.6,0.0,0.0,0.0
848,7,-1.0,43.0,1.8,2000.0,-12.0,0.0,0.0,0.0
1671,8,-1.2,33.0,0.5,2000.0,-15.4,0.04,0.0,0.0
883,9,0.2,28.0,1.9,1932.0,-16.2,0.57,0.0,0.0
603,10,2.9,22.0,2.0,1989.0,-16.7,1.18,0.0,0.0
644,11,5.1,21.0,3.2,1965.0,-15.4,1.63,0.0,0.0
717,12,5.9,23.0,2.8,1985.0,-13.7,1.88,0.0,0.0
678,13,6.5,26.0,2.4,1974.0,-11.6,1.84,0.0,0.0
692,14,6.7,27.0,3.1,1976.0,-11.0,1.66,0.0,0.0
716,15,6.9,31.0,2.9,1982.0,-9.1,1.21,0.0,0.0
759,16,5.9,34.0,2.9,1985.0,-8.7,0.55,0.0,0.0
1101,17,4.9,41.0,3.3,1985.0,-7.2,0.25,0.0,0.0
1591,18,4.1,46.0,2.7,2000.0,-6.5,0.01,0.0,0.0
1032,19,3.6,48.0,2.6,2000.0,-6.4,0.0,0.0,0.0
777,20,3.1,42.0,2.4,2000.0,-8.5,0.0,0.0,0.0
759,21,2.2,28.0,3.2,2000.0,-14.4,0.0,0.0,0.0
691,22,1.1,33.0,2.5,2000.0,-13.4,0.0,0.0,0.0
488,23,0.4,37.0,2.9,2000.0,-12.6,0.0,0.0,0.0
517,0,2.2,30.0,0.7,1879.0,-13.6,0.0,0.0,0.0
485,1,1.9,32.0,1.4,1999.0,-13.0,0.0,0.0,0.0
319,2,2.1,28.0,0.4,1981.0,-14.5,0.0,0.0,0.0
195,3,1.9,33.0,0.9,1994.0,-12.7,0.0,0.0,0.0
107,4,2.1,33.0,0.5,1981.0,-12.5,0.0,0.0,0.0
126,5,1.8,34.0,0.9,1990.0,-12.4,0.0,0.0,0.0
328,6,1.1,39.0,1.3,1857.0,-11.3,0.0,0.0,0.0
800,7,0.8,41.0,0.6,1298.0,-10.9,0.0,0.0,0.0
1635,8,0.8,44.0,1.7,1439.0,-10.0,0.02,0.0,0.0
825,9,1.8,37.0,0.9,1310.0,-11.3,0.31,0.0,0.0
595,10,3.9,28.0,0.6,1627.0,-12.9,0.49,0.0,0.0
623,11,5.2,26.0,0.5,1471.0,-12.7,0.64,0.0,0.0
661,12,5.6,27.0,0.3,1522.0,-11.9,0.34,0.0,0.0
645,13,5.3,26.0,2.1,1604.0,-12.7,0.21,0.0,0.0
668,14,6.0,27.0,0.6,1452.0,-11.6,0.34,0.0,0.0
652,15,6.5,32.0,2.6,1321.0,-9.0,0.35,0.0,0.0
748,16,5.8,39.0,2.6,1489.0,-7.1,0.1,0.0,0.0
996,17,5.8,38.0,1.3,1674.0,-7.4,0.01,0.0,0.0
1577,18,0.0,46.0,0.9,1566.0,-4.8,0.0,0.0,0.0
1026,19,5.2,48.0,1.9,1590.0,-4.9,0.0,0.0,0.0
818,20,4.1,54.0,1.3,1434.0,-4.3,0.0,0.0,0.0
792,21,3.8,55.0,2.1,1231.0,-4.4,0.0,0.0,0.0
726,22,3.0,59.0,1.1,1218.0,-4.2,0.0,0.0,0.0
559,23,2.6,56.0,1.9,1394.0,-5.3,0.0,0.0,0.0
